title,deputes,id,photo,groupe,ministre,fonction,partis,detail,dep,circo,tribune,amendement,premier_scrutin_presence,premier_scrutin_vote,deuxieme_scrutin_presence,deuxieme_scrutin_vote,envoye_special
M.,Alain David,omc_pa1008,http://www2.assemblee-nationale.fr/static/tribun/15/photos/1008.jpg,Socialistes et apparentés,,,NOUVELLE GAUCHE,,Gironde,4,,,,,,,
M.,Charles de la Verpillière,omc_pa1012,http://www2.assemblee-nationale.fr/static/tribun/15/photos/1012.jpg,Les Républicains,,,LR,,Ain,2,,,,,,,
M.,Bernard Deflesselles,omc_pa1029,http://www2.assemblee-nationale.fr/static/tribun/15/photos/1029.jpg,Les Républicains,,,LR,,Bouches-du-Rhône,9,,,,,,,
Mme,Laurence Dumont,omc_pa1198,http://www2.assemblee-nationale.fr/static/tribun/15/photos/1198.jpg,Socialistes et apparentés,,,NOUVELLE GAUCHE,,Calvados,2,,,,,,,POUR
M.,Nicolas Dupont-Aignan,omc_pa1206,http://www2.assemblee-nationale.fr/static/tribun/15/photos/1206.jpg,Non inscrit,,,NI,Debout la France,Essonne,8,,,,,,,NE REPOND PAS
M.,Michel Fanget,omc_pa1276,http://www2.assemblee-nationale.fr/static/tribun/15/photos/1276.jpg,Mouvement Démocrate et apparentés,,,MODEM,,Puy-de-Dôme,4,,,,,,,
M.,Nicolas Forissier,omc_pa1327,http://www2.assemblee-nationale.fr/static/tribun/15/photos/1327.jpg,Les Républicains,,,LR,,Indre,2,,,,,,,
M.,Claude Goasguen,omc_pa1498,http://www2.assemblee-nationale.fr/static/tribun/15/photos/1498.jpg,Les Républicains,,,LR,,Paris,14,,,,,,,
M.,David Habib,omc_pa1592,http://www2.assemblee-nationale.fr/static/tribun/15/photos/1592.jpg,Socialistes et apparentés,,,NOUVELLE GAUCHE,,Pyrénées-Atlantiques,3,,,,,,,
M.,Michel Herbillon,omc_pa1630,http://www2.assemblee-nationale.fr/static/tribun/15/photos/1630.jpg,Les Républicains,,,LR,,Val-de-Marne,8,,,,,,,
M.,Christian Jacob,omc_pa1695,http://www2.assemblee-nationale.fr/static/tribun/15/photos/1695.jpg,Les Républicains,,Président,LR,,Seine-et-Marne,4,,,Présent,Contre,,,
M.,Jérôme Lambert,omc_pa1809,http://www2.assemblee-nationale.fr/static/tribun/15/photos/1809.jpg,Socialistes et apparentés,,,NOUVELLE GAUCHE,,Charente,3,,,,,,,POUR
M.,Jean Lassalle,omc_pa1838,http://www2.assemblee-nationale.fr/static/tribun/15/photos/1838.jpg,Non inscrit,,,NI,Régions et peuples solidaires,Pyrénées-Atlantiques,4,,,,,,,NE VEUT PAS REPONDRE
M.,Marc Le Fur,omc_pa1874,http://www2.assemblee-nationale.fr/static/tribun/15/photos/1874.jpg,Les Républicains,,,LR,,Côtes-d'Armor,3,,,,,,,
M.,Maurice Leroy,omc_pa1960,http://www2.assemblee-nationale.fr/static/tribun/15/photos/1960.jpg,"UDI, Agir et Indépendants",,,UNION DES DEMOCRATES RADICAUX ET LIBERAUX,,Loir-et-Cher,3,,,,,PRESENT,NON-VOTANT ( PSDT DE SEANCE),
M.,Franck Marlin,omc_pa2086,http://www2.assemblee-nationale.fr/static/tribun/15/photos/2086.jpg,Les Républicains,,,LR,,Essonne,2,,,,,,,
M.,Jean-Luc Mélenchon,omc_pa2150,http://www2.assemblee-nationale.fr/static/tribun/15/photos/2150.jpg,La France insoumise,,Président,LFI,,Bouches-du-Rhône,4,,,,,PRESENT,POUR,
M.,Gérard Menuel,omc_pa2155,http://www2.assemblee-nationale.fr/static/tribun/15/photos/2155.jpg,Les Républicains,,,LR,,Aube,3,,,,,,,
M.,Bernard Brochand,omc_pa223837,http://www2.assemblee-nationale.fr/static/tribun/15/photos/223837.jpg,Les Républicains,,,LR,,Alpes-Maritimes,8,,,,,,,
M.,Bernard Perrut,omc_pa2377,http://www2.assemblee-nationale.fr/static/tribun/15/photos/2377.jpg,Les Républicains,,,LR,,Rhône,9,,,,,,,
M.,Jean-Pierre Pont,omc_pa2449,http://www2.assemblee-nationale.fr/static/tribun/15/photos/2449.jpg,La République en Marche,,,LREM,,Pas-de-Calais,5,,,,,,,NE VEUT PAS REPONDRE
M.,Didier Quentin,omc_pa2492,http://www2.assemblee-nationale.fr/static/tribun/15/photos/2492.jpg,Les Républicains,,,LR,,Charente-Maritime,5,,,,,,,
M.,Jean-Luc Reitzer,omc_pa2529,http://www2.assemblee-nationale.fr/static/tribun/15/photos/2529.jpg,Les Républicains,,,LR,,Haut-Rhin,3,,,,,,,POUR
M.,Laurent Furst,omc_pa266774,http://www2.assemblee-nationale.fr/static/tribun/15/photos/266774.jpg,Les Républicains,,,LR,,Bas-Rhin,6,,,,,,,
M.,Frédéric Reiss,omc_pa266776,http://www2.assemblee-nationale.fr/static/tribun/15/photos/266776.jpg,Les Républicains,,,LR,,Bas-Rhin,8,,,,,,,
M.,Pierre Morel-À-L'Huissier,omc_pa266788,http://www2.assemblee-nationale.fr/static/tribun/15/photos/266788.jpg,"UDI, Agir et Indépendants",,,UNION DES DEMOCRATES RADICAUX ET LIBERAUX,,Lozère,1,,,,,,,
M.,Jean-Yves Bony,omc_pa266793,http://www2.assemblee-nationale.fr/static/tribun/15/photos/266793.jpg,Les Républicains,,,LR,,Cantal,2,,,Présent,Contre,PRESENT,CONTRE,CONTRE
M.,Philippe Gosselin,omc_pa266797,http://www2.assemblee-nationale.fr/static/tribun/15/photos/266797.jpg,Les Républicains,,,LR,,Manche,1,,,,,,,
M.,Vincent Rolland,omc_pa266808,http://www2.assemblee-nationale.fr/static/tribun/15/photos/266808.jpg,Les Républicains,,,LR,,Savoie,2,,,,,,,
M.,Yannick Favennec Becot,omc_pa267042,http://www2.assemblee-nationale.fr/static/tribun/15/photos/267042.jpg,Libertés et Territoires,,,UNION DES DEMOCRATES RADICAUX ET LIBERAUX,,Mayenne,3,,,,,,,POUR
M.,Sébastien Huyghe,omc_pa267200,http://www2.assemblee-nationale.fr/static/tribun/15/photos/267200.jpg,Les Républicains,,,LR,,Nord,5,,,,,,,
M.,Jean-Marie Sermier,omc_pa267204,http://www2.assemblee-nationale.fr/static/tribun/15/photos/267204.jpg,Les Républicains,,,LR,,Jura,3,,,,,,,
M.,Christophe Bouillon,omc_pa267233,http://www2.assemblee-nationale.fr/static/tribun/15/photos/267233.jpg,Socialistes et apparentés,,,NOUVELLE GAUCHE,,Seine-Maritime,5,,,,,PRESENT,POUR,POUR
M.,Stéphane Demilly,omc_pa267241,http://www2.assemblee-nationale.fr/static/tribun/15/photos/267241.jpg,"UDI, Agir et Indépendants",,,UNION DES DEMOCRATES RADICAUX ET LIBERAUX,,Somme,5,,,,,,,
Mme,Bérengère Poletti,omc_pa267260,http://www2.assemblee-nationale.fr/static/tribun/15/photos/267260.jpg,Les Républicains,,,LR,,Ardennes,1,,,,,,,
M.,Jean-Pierre Door,omc_pa267289,http://www2.assemblee-nationale.fr/static/tribun/15/photos/267289.jpg,Les Républicains,,,LR,,Loiret,4,,,Présent,Contre,,,
M.,André Chassaigne,omc_pa267306,http://www2.assemblee-nationale.fr/static/tribun/15/photos/267306.jpg,Gauche démocrate et républicaine,,Président,PCF,,Puy-de-Dôme,5,,,,,PRESENT,POUR,POUR
M.,Jean-Carles Grelier,omc_pa267318,http://www2.assemblee-nationale.fr/static/tribun/15/photos/267318.jpg,Les Républicains,,,LR,,Sarthe,5,,,,,,,
M.,Jean-Jacques Gaultier,omc_pa267324,http://www2.assemblee-nationale.fr/static/tribun/15/photos/267324.jpg,Les Républicains,,,LR,,Vosges,4,,,,,,,
M.,Michel Zumkeller,omc_pa267330,http://www2.assemblee-nationale.fr/static/tribun/15/photos/267330.jpg,"UDI, Agir et Indépendants",,,UNION DES DEMOCRATES RADICAUX ET LIBERAUX,,Territoire de Belfort,2,,,,,,,POUR
M.,Joël Giraud,omc_pa267336,http://www2.assemblee-nationale.fr/static/tribun/15/photos/267336.jpg,La République en Marche,,,LREM,,Hautes-Alpes,2,SIGNATAIRE,,,,,,POUR
M.,Antoine Herth,omc_pa267355,http://www2.assemblee-nationale.fr/static/tribun/15/photos/267355.jpg,"UDI, Agir et Indépendants",,,UNION DES DEMOCRATES RADICAUX ET LIBERAUX,,Bas-Rhin,5,,,Présent,Contre,,,
Mme,Geneviève Levy,omc_pa267378,http://www2.assemblee-nationale.fr/static/tribun/15/photos/267378.jpg,Les Républicains,,,LR,,Var,1,,,,,,,
M.,Dino Cinieri,omc_pa267429,http://www2.assemblee-nationale.fr/static/tribun/15/photos/267429.jpg,Les Républicains,,,LR,,Loire,4,,,Présent,Contre,,,
M.,Éric Diard,omc_pa267440,http://www2.assemblee-nationale.fr/static/tribun/15/photos/267440.jpg,Les Républicains,,,LR,,Bouches-du-Rhône,12,,,,,PRESENT,POUR,POUR
M.,Rémi Delatte,omc_pa267450,http://www2.assemblee-nationale.fr/static/tribun/15/photos/267450.jpg,Les Républicains,,,LR,,Côte-d'Or,2,,,,,,,
M.,Martial Saddier,omc_pa267527,http://www2.assemblee-nationale.fr/static/tribun/15/photos/267527.jpg,Les Républicains,,,LR,,Haute-Savoie,3,,,,,,,POUR
M.,Francis Vercamer,omc_pa267585,http://www2.assemblee-nationale.fr/static/tribun/15/photos/267585.jpg,"UDI, Agir et Indépendants",,,UNION DES DEMOCRATES RADICAUX ET LIBERAUX,,Nord,7,,,,,,,
M.,Philippe Folliot,omc_pa267673,http://www2.assemblee-nationale.fr/static/tribun/15/photos/267673.jpg,La République en Marche,,,LREM,,Tarn,1,,,,,,,CONTRE
M.,Claude de Ganay,omc_pa267735,http://www2.assemblee-nationale.fr/static/tribun/15/photos/267735.jpg,Les Républicains,,,LR,,Loiret,3,,,,,,,
M.,Guy Bricout,omc_pa267766,http://www2.assemblee-nationale.fr/static/tribun/15/photos/267766.jpg,"UDI, Agir et Indépendants",,,UNION DES DEMOCRATES RADICAUX ET LIBERAUX,,Nord,18,,,,,,,POUR
Mme,Agnès Firmin Le Bodo,omc_pa267780,http://www2.assemblee-nationale.fr/static/tribun/15/photos/267780.jpg,"UDI, Agir et Indépendants",,,UNION DES DEMOCRATES RADICAUX ET LIBERAUX,,Seine-Maritime,7,,,,,,,CONTRE
M.,Guillaume Larrivé,omc_pa267785,http://www2.assemblee-nationale.fr/static/tribun/15/photos/267785.jpg,Les Républicains,,,LR,,Yonne,1,,,,,,,
Mme,Michèle Tabarot,omc_pa267794,http://www2.assemblee-nationale.fr/static/tribun/15/photos/267794.jpg,Les Républicains,,,LR,,Alpes-Maritimes,9,,,,,,,
M.,Mansour Kamardine,omc_pa267901,http://www2.assemblee-nationale.fr/static/tribun/15/photos/267901.jpg,Les Républicains,,,LR,,Mayotte,2,,,,,,,
M.,Jean-Christophe Lagarde,omc_pa268019,http://www2.assemblee-nationale.fr/static/tribun/15/photos/268019.jpg,"UDI, Agir et Indépendants",,,UNION DES DEMOCRATES RADICAUX ET LIBERAUX,,Seine-Saint-Denis,5,,,,,,,CONTRE
M.,Jean-Charles Taugourdeau,omc_pa2792,http://www2.assemblee-nationale.fr/static/tribun/15/photos/2792.jpg,Les Républicains,,,LR,,Maine-et-Loire,3,,,,,,,
M.,Guy Teissier,omc_pa2796,http://www2.assemblee-nationale.fr/static/tribun/15/photos/2796.jpg,Les Républicains,,,LR,,Bouches-du-Rhône,6,,,,,,,CONTRE
M.,Alain Tourret,omc_pa2828,http://www2.assemblee-nationale.fr/static/tribun/15/photos/2828.jpg,La République en Marche,,,LREM,,Calvados,6,,,,,,,
M.,Jean-Luc Warsmann,omc_pa2952,http://www2.assemblee-nationale.fr/static/tribun/15/photos/2952.jpg,"UDI, Agir et Indépendants",,,UNION DES DEMOCRATES RADICAUX ET LIBERAUX,,Ardennes,3,,,,,,,
M.,Éric Woerth,omc_pa2960,http://www2.assemblee-nationale.fr/static/tribun/15/photos/2960.jpg,Les Républicains,,,LR,,Oise,4,,,,,,,
M.,Xavier Breton,omc_pa330008,http://www2.assemblee-nationale.fr/static/tribun/15/photos/330008.jpg,Les Républicains,,,LR,,Ain,1,,,,,,,N'a pas voté volontairement
M.,Éric Ciotti,omc_pa330240,http://www2.assemblee-nationale.fr/static/tribun/15/photos/330240.jpg,Les Républicains,,,LR,,Alpes-Maritimes,1,,,,,,,
Mme,Valérie Boyer,omc_pa330684,http://www2.assemblee-nationale.fr/static/tribun/15/photos/330684.jpg,Les Républicains,,,LR,,Bouches-du-Rhône,1,,,,,,,
M.,Bernard Reynès,omc_pa330788,http://www2.assemblee-nationale.fr/static/tribun/15/photos/330788.jpg,Les Républicains,,,LR,,Bouches-du-Rhône,15,,,,,,,
M.,Vincent Descoeur,omc_pa330909,http://www2.assemblee-nationale.fr/static/tribun/15/photos/330909.jpg,Les Républicains,,,LR,,Cantal,1,,,Présent,Contre,,,CONTRE
Mme,Laure de La Raudière,omc_pa331567,http://www2.assemblee-nationale.fr/static/tribun/15/photos/331567.jpg,"UDI, Agir et Indépendants",,,UNION DES DEMOCRATES RADICAUX ET LIBERAUX,,Eure-et-Loir,3,,,Présent,Contre,,,CONTRE
M.,Philippe Vigier,omc_pa331582,http://www2.assemblee-nationale.fr/static/tribun/15/photos/331582.jpg,Libertés et Territoires,,,UNION DES DEMOCRATES RADICAUX ET LIBERAUX,,Eure-et-Loir,4,,,Présent,Contre,,,CONTRE
Mme,Monique Iborra,omc_pa331835,http://www2.assemblee-nationale.fr/static/tribun/15/photos/331835.jpg,La République en Marche,,,LREM,,Haute-Garonne,6,,,,,,,CONTRE
M.,Thierry Benoit,omc_pa332228,http://www2.assemblee-nationale.fr/static/tribun/15/photos/332228.jpg,"UDI, Agir et Indépendants",,,UNION DES DEMOCRATES RADICAUX ET LIBERAUX,,Ille-et-Vilaine,6,,,Présent,Contre,PRESENT,CONTRE,
Mme,Marie-Christine Dalloz,omc_pa332523,http://www2.assemblee-nationale.fr/static/tribun/15/photos/332523.jpg,Les Républicains,,,LR,,Jura,2,,,,,,,
M.,Régis Juanico,omc_pa332614,http://www2.assemblee-nationale.fr/static/tribun/15/photos/332614.jpg,Socialistes et apparentés,,,NOUVELLE GAUCHE,,Loire,1,,,,,PRESENT,POUR,POUR
M.,Guillaume Garot,omc_pa333285,http://www2.assemblee-nationale.fr/static/tribun/15/photos/333285.jpg,Socialistes et apparentés,,,NOUVELLE GAUCHE,,Mayenne,1,,,Présent,Pour,PRESENT,POUR,POUR
M.,Bertrand Pancher,omc_pa333421,http://www2.assemblee-nationale.fr/static/tribun/15/photos/333421.jpg,Libertés et Territoires,,,UNION DES DEMOCRATES RADICAUX ET LIBERAUX,,Meuse,1,,,,,,,CONTRE
M.,Christian Hutin,omc_pa333818,http://www2.assemblee-nationale.fr/static/tribun/15/photos/333818.jpg,Socialistes et apparentés,,,NOUVELLE GAUCHE,Apparenté au,Nord,13,,,,,,,
Mme,Jacqueline Maquet,omc_pa334116,http://www2.assemblee-nationale.fr/static/tribun/15/photos/334116.jpg,La République en Marche,,,LREM,,Pas-de-Calais,2,,,,,,,
M.,Daniel Fasquelle,omc_pa334149,http://www2.assemblee-nationale.fr/static/tribun/15/photos/334149.jpg,Les Républicains,,,LR,,Pas-de-Calais,4,,,Présent,Contre,,,CONTRE
M.,Éric Straumann,omc_pa334654,http://www2.assemblee-nationale.fr/static/tribun/15/photos/334654.jpg,Les Républicains,,,LR,,Haut-Rhin,1,,,,,,,CONTRE
M.,Jean-Louis Touraine,omc_pa334768,http://www2.assemblee-nationale.fr/static/tribun/15/photos/334768.jpg,La République en Marche,,,LREM,,Rhône,3,SIGNATAIRE,,,,,,
M.,Patrice Verchère,omc_pa334843,http://www2.assemblee-nationale.fr/static/tribun/15/photos/334843.jpg,Les Républicains,,,LR,,Rhône,8,,,,,,,
Mme,Marietta Karamanli,omc_pa335054,http://www2.assemblee-nationale.fr/static/tribun/15/photos/335054.jpg,Socialistes et apparentés,,,NOUVELLE GAUCHE,,Sarthe,2,,,,,,,POUR
Mme,George Pau-Langevin,omc_pa335532,http://www2.assemblee-nationale.fr/static/tribun/15/photos/335532.jpg,Socialistes et apparentés,,,NOUVELLE GAUCHE,,Paris,15,,,,,,,POUR
M.,Jean-Paul Lecoq,omc_pa335612,http://www2.assemblee-nationale.fr/static/tribun/15/photos/335612.jpg,Gauche démocrate et républicaine,,,PCF,,Seine-Maritime,8,,,,,PRESENT,POUR,POUR
Mme,Delphine Batho,omc_pa335999,http://www2.assemblee-nationale.fr/static/tribun/15/photos/335999.jpg,Non inscrit,,,NI,PS,Deux-Sèvres,2,,,Présent,Pour,PRESENT,POUR,POUR
Mme,Sylvia Pinel,omc_pa336175,http://www2.assemblee-nationale.fr/static/tribun/15/photos/336175.jpg,Libertés et Territoires,,,NI,PRG,Tarn-et-Garonne,2,,,,,,,
M.,Jean-Claude Bouchet,omc_pa336316,http://www2.assemblee-nationale.fr/static/tribun/15/photos/336316.jpg,Les Républicains,,,LR,,Vaucluse,2,,,Présent,Contre,,,
M.,Jean-Michel Clément,omc_pa336439,http://www2.assemblee-nationale.fr/static/tribun/15/photos/336439.jpg,Libertés et Territoires,,,NI,En marche!,Vienne,3,,,,,,,POUR
M.,Serge Letchimy,omc_pa337483,http://www2.assemblee-nationale.fr/static/tribun/15/photos/337483.jpg,Socialistes et apparentés,,,NOUVELLE GAUCHE,Apparenté au,Martinique,3,,,,,,,
M.,Hervé Saulignac,omc_pa340343,http://www2.assemblee-nationale.fr/static/tribun/15/photos/340343.jpg,Socialistes et apparentés,,,NOUVELLE GAUCHE,,Ardèche,1,,,,,,,POUR
Mme,Michèle Victory,omc_pa340357,http://www2.assemblee-nationale.fr/static/tribun/15/photos/340357.jpg,Socialistes et apparentés,,,NOUVELLE GAUCHE,,Ardèche,2,,,,,,,POUR
M.,Sébastien Leclerc,omc_pa340853,http://www2.assemblee-nationale.fr/static/tribun/15/photos/340853.jpg,Les Républicains,,,LR,,Calvados,3,,,Présent,Contre,,,CONTRE
Mme,Marie-Noëlle Battistel,omc_pa342415,http://www2.assemblee-nationale.fr/static/tribun/15/photos/342415.jpg,Socialistes et apparentés,,,NOUVELLE GAUCHE,,Isère,4,,,,,PRESENT,POUR,
Mme,Marianne Dubois,omc_pa342935,http://www2.assemblee-nationale.fr/static/tribun/15/photos/342935.jpg,Les Républicains,,,LR,,Loiret,5,,,,,,,
M.,Gwendal Rouillard,omc_pa343493,http://www2.assemblee-nationale.fr/static/tribun/15/photos/343493.jpg,La République en Marche,,,LREM,,Morbihan,5,,,,,,,CONTRE
Mme,Constance Le Grip,omc_pa345722,http://www2.assemblee-nationale.fr/static/tribun/15/photos/345722.jpg,Les Républicains,,,LR,,Hauts-de-Seine,6,,,,,,,
M.,Emmanuel Maquet,omc_pa346054,http://www2.assemblee-nationale.fr/static/tribun/15/photos/346054.jpg,Les Républicains,,,LR,,Somme,3,,,,,,,
M.,Jean-Louis Masson,omc_pa346218,http://www2.assemblee-nationale.fr/static/tribun/15/photos/346218.jpg,Les Républicains,,,LR,,Var,3,,,,,,,
M.,Thierry Solère,omc_pa346876,http://www2.assemblee-nationale.fr/static/tribun/15/photos/346876.jpg,La République en Marche,,,LREM,,Hauts-de-Seine,9,,,,,,,
M.,François Pupponi,omc_pa405480,http://www2.assemblee-nationale.fr/static/tribun/15/photos/405480.jpg,Libertés et Territoires,,,NOUVELLE GAUCHE,,Val-d'Oise,8,,,,,,,
M.,André Villiers,omc_pa421348,http://www2.assemblee-nationale.fr/static/tribun/15/photos/421348.jpg,"UDI, Agir et Indépendants",,,UNION DES DEMOCRATES RADICAUX ET LIBERAUX,,Yonne,2,,,,,,,POUR
M.,Luc Carvounas,omc_pa429893,http://www2.assemblee-nationale.fr/static/tribun/15/photos/429893.jpg,Socialistes et apparentés,,,NOUVELLE GAUCHE,,Val-de-Marne,9,,,,,PRESENT,POUR,POUR
Mme,Huguette Bello,omc_pa441,http://www2.assemblee-nationale.fr/static/tribun/15/photos/441.jpg,Gauche démocrate et républicaine,,,PCF,,Réunion,2,,,,,,,
Mme,Gisèle Biémouret,omc_pa508,http://www2.assemblee-nationale.fr/static/tribun/15/photos/508.jpg,Socialistes et apparentés,,,NOUVELLE GAUCHE,,Gers,2,,,,,,,POUR
Mme,Clémentine Autain,omc_pa588884,http://www2.assemblee-nationale.fr/static/tribun/15/photos/588884.jpg,La France insoumise,,,LFI,,Seine-Saint-Denis,11,,,,,,,POUR
M.,Damien Abad,omc_pa605036,http://www2.assemblee-nationale.fr/static/tribun/15/photos/605036.jpg,Les Républicains,,,LR,,Ain,5,,,,,,,ABSTENTION
M.,Jean-Louis Bricout,omc_pa605069,http://www2.assemblee-nationale.fr/static/tribun/15/photos/605069.jpg,Socialistes et apparentés,,,NOUVELLE GAUCHE,,Aisne,3,,,,,,,POUR
M.,Jacques Krabal,omc_pa605084,http://www2.assemblee-nationale.fr/static/tribun/15/photos/605084.jpg,La République en Marche,,,LREM,,Aisne,5,,,,,,,NE REPOND PAS
M.,François-Michel Lambert,omc_pa605518,http://www2.assemblee-nationale.fr/static/tribun/15/photos/605518.jpg,Libertés et Territoires,,,LREM,,Bouches-du-Rhône,10,,SIGNATAIRE,,,PRESENT,POUR,POUR
M.,Olivier Falorni,omc_pa605694,http://www2.assemblee-nationale.fr/static/tribun/15/photos/605694.jpg,Libertés et Territoires,,,NI,PRG,Charente-Maritime,1,,,,,,,
M.,Éric Alauzet,omc_pa605963,http://www2.assemblee-nationale.fr/static/tribun/15/photos/605963.jpg,La République en Marche,,,LREM,,Doubs,2,,SIGNATAIRE,,,PRESENT,POUR,POUR
Mme,Annie Genevard,omc_pa605991,http://www2.assemblee-nationale.fr/static/tribun/15/photos/605991.jpg,Les Républicains,,,LR,,Doubs,5,,,,,,,
M.,Olivier Marleix,omc_pa606098,http://www2.assemblee-nationale.fr/static/tribun/15/photos/606098.jpg,Les Républicains,,,LR,,Eure-et-Loir,2,,,,,,,
M.,Richard Ferrand,omc_pa606171,http://www2.assemblee-nationale.fr/static/tribun/15/photos/606171.jpg,La République en Marche,,Président,LREM,,Finistère,6,,,Présent,Contre,,NON-VOTANT,
Mme,Françoise Dumas,omc_pa606202,http://www2.assemblee-nationale.fr/static/tribun/15/photos/606202.jpg,La République en Marche,,,LREM,,Gard,1,,,,,,,
M.,Gilbert Collard,omc_pa606212,http://www2.assemblee-nationale.fr/static/tribun/15/photos/606212.jpg,Non inscrit,,,NI (RN),,Gard,2,,,,,,,
M.,Florent Boudié,omc_pa606507,http://www2.assemblee-nationale.fr/static/tribun/15/photos/606507.jpg,La République en Marche,,,LREM,,Gironde,10,,,,,,,POUR
M.,Patrick Vignal,omc_pa606639,http://www2.assemblee-nationale.fr/static/tribun/15/photos/606639.jpg,La République en Marche,,,LREM,,Hérault,9,,SIGNATAIRE,,,,,
M.,François André,omc_pa606675,http://www2.assemblee-nationale.fr/static/tribun/15/photos/606675.jpg,La République en Marche,,,LREM,Apparenté au,Ille-et-Vilaine,3,,,,,,,
M.,Gilles Lurton,omc_pa606712,http://www2.assemblee-nationale.fr/static/tribun/15/photos/606712.jpg,Les Républicains,,,LR,,Ille-et-Vilaine,7,,,Présent,Contre,PRESENT,CONTRE,
M.,Jean-Pierre Vigier,omc_pa607090,http://www2.assemblee-nationale.fr/static/tribun/15/photos/607090.jpg,Les Républicains,,,LR,,Haute-Loire,2,,,,,,,CONTRE
M.,Yves Daniel,omc_pa607155,http://www2.assemblee-nationale.fr/static/tribun/15/photos/607155.jpg,La République en Marche,,,LREM,,Loire-Atlantique,6,,,,,,,POUR
Mme,Sophie Errante,omc_pa607193,http://www2.assemblee-nationale.fr/static/tribun/15/photos/607193.jpg,La République en Marche,,,LREM,,Loire-Atlantique,10,,,,,,,
M.,Stéphane Travert,omc_pa607395,http://www2.assemblee-nationale.fr/static/tribun/15/photos/607395.jpg,La République en Marche,Grégory Galbadon,,LREM,,Manche,3,,,,,,,
M.,Dominique Potier,omc_pa607553,http://www2.assemblee-nationale.fr/static/tribun/15/photos/607553.jpg,Socialistes et apparentés,,,NOUVELLE GAUCHE,,Meurthe-et-Moselle,5,,,,,,,CONTRE
M.,Hervé Pellois,omc_pa607595,http://www2.assemblee-nationale.fr/static/tribun/15/photos/607595.jpg,La République en Marche,,,LREM,,Morbihan,1,,,,,,,
M.,Paul Molac,omc_pa607619,http://www2.assemblee-nationale.fr/static/tribun/15/photos/607619.jpg,Libertés et Territoires,,,LREM,,Morbihan,4,,SIGNATAIRE,,,PRESENT,POUR,POUR
M.,Joaquim Pueyo,omc_pa608011,http://www2.assemblee-nationale.fr/static/tribun/15/photos/608011.jpg,Socialistes et apparentés,,,NOUVELLE GAUCHE,,Orne,1,,,,,,,POUR
Mme,Véronique Louwagie,omc_pa608016,http://www2.assemblee-nationale.fr/static/tribun/15/photos/608016.jpg,Les Républicains,,,LR,,Orne,2,,,Présent,Contre,,,
Mme,Brigitte Bourguignon,omc_pa608083,http://www2.assemblee-nationale.fr/static/tribun/15/photos/608083.jpg,La République en Marche,,,LREM,,Pas-de-Calais,6,,,,,,,
Mme,Christine Pires Beaune,omc_pa608172,http://www2.assemblee-nationale.fr/static/tribun/15/photos/608172.jpg,Socialistes et apparentés,,,NOUVELLE GAUCHE,,Puy-de-Dôme,2,,,,,,,POUR
Mme,Jeanine Dubié,omc_pa608292,http://www2.assemblee-nationale.fr/static/tribun/15/photos/608292.jpg,Libertés et Territoires,,,NI,PRG,Hautes-Pyrénées,2,,,,,,,
M.,Patrick Hetzel,omc_pa608416,http://www2.assemblee-nationale.fr/static/tribun/15/photos/608416.jpg,Les Républicains,,,LR,,Bas-Rhin,7,,,,,,,
M.,Yves Blein,omc_pa608641,http://www2.assemblee-nationale.fr/static/tribun/15/photos/608641.jpg,La République en Marche,,,LREM,,Rhône,14,,,,,,,CONTRE
Mme,Cécile Untermaier,omc_pa608695,http://www2.assemblee-nationale.fr/static/tribun/15/photos/608695.jpg,Socialistes et apparentés,,,NOUVELLE GAUCHE,,Saône-et-Loire,4,,,,,,,POUR
Mme,Sylvie Tolmont,omc_pa608741,http://www2.assemblee-nationale.fr/static/tribun/15/photos/608741.jpg,Socialistes et apparentés,,,NOUVELLE GAUCHE,,Sarthe,4,,,,,,,
Mme,Virginie Duby-Muller,omc_pa608826,http://www2.assemblee-nationale.fr/static/tribun/15/photos/608826.jpg,Les Républicains,,,LR,,Haute-Savoie,4,,,,,,,
Mme,Valérie Lacroute,omc_pa609245,http://www2.assemblee-nationale.fr/static/tribun/15/photos/609245.jpg,Les Républicains,,,LR,,Seine-et-Marne,2,,,,,,,
M.,Olivier Faure,omc_pa609332,http://www2.assemblee-nationale.fr/static/tribun/15/photos/609332.jpg,Socialistes et apparentés,,,NOUVELLE GAUCHE,,Seine-et-Marne,11,,,,,PRESENT,POUR,POUR
Mme,Barbara Pompili,omc_pa609520,http://www2.assemblee-nationale.fr/static/tribun/15/photos/609520.jpg,La République en Marche,,,LREM,,Somme,2,SIGNATAIRE,SIGNATAIRE,Présent,Pour,PRESENT,POUR,
Mme,Valérie Rabault,omc_pa609590,http://www2.assemblee-nationale.fr/static/tribun/15/photos/609590.jpg,Socialistes et apparentés,,Présidente,NOUVELLE GAUCHE,,Tarn-et-Garonne,1,,,,,PRESENT,POUR,
M.,Julien Aubert,omc_pa609726,http://www2.assemblee-nationale.fr/static/tribun/15/photos/609726.jpg,Les Républicains,,,LR,,Vaucluse,5,,,,,,,
M.,Jean-Philippe Nilor,omc_pa610654,http://www2.assemblee-nationale.fr/static/tribun/15/photos/610654.jpg,Gauche démocrate et républicaine,,,PCF,,Martinique,4,,,,,,,
M.,Gabriel Serville,omc_pa610667,http://www2.assemblee-nationale.fr/static/tribun/15/photos/610667.jpg,Gauche démocrate et républicaine,,,PCF,,Guyane,1,,,,,,,POUR
Mme,Ericka Bareigts,omc_pa610681,http://www2.assemblee-nationale.fr/static/tribun/15/photos/610681.jpg,Socialistes et apparentés,,,NOUVELLE GAUCHE,,Réunion,1,,,,,,,POUR
M.,Philippe Gomès,omc_pa610775,http://www2.assemblee-nationale.fr/static/tribun/15/photos/610775.jpg,"UDI, Agir et Indépendants",,,UNION DES DEMOCRATES RADICAUX ET LIBERAUX,,Nouvelle-Calédonie,2,,,,,,,
M.,Éric Bothorel,omc_pa642695,http://www2.assemblee-nationale.fr/static/tribun/15/photos/642695.jpg,La République en Marche,,,LREM,,Côtes-d'Armor,5,,,,,,,CONTRE
M.,Frédéric Barbier,omc_pa642724,http://www2.assemblee-nationale.fr/static/tribun/15/photos/642724.jpg,La République en Marche,,,LREM,,Doubs,4,SIGNATAIRE,,,,,,
M.,Joël Aviragnet,omc_pa642764,http://www2.assemblee-nationale.fr/static/tribun/15/photos/642764.jpg,Socialistes et apparentés,,,NOUVELLE GAUCHE,,Haute-Garonne,8,,,,,,,POUR
M.,Olivier Véran,omc_pa642788,http://www2.assemblee-nationale.fr/static/tribun/15/photos/642788.jpg,La République en Marche,,,LREM,,Isère,1,,,,,,,
M.,Thibault Bazin,omc_pa642847,http://www2.assemblee-nationale.fr/static/tribun/15/photos/642847.jpg,Les Républicains,,,LR,,Meurthe-et-Moselle,4,,,,,,,
M.,Paul Christophe,omc_pa642868,http://www2.assemblee-nationale.fr/static/tribun/15/photos/642868.jpg,"UDI, Agir et Indépendants",,,UNION DES DEMOCRATES RADICAUX ET LIBERAUX,,Nord,14,,,,,,,
M.,Olivier Becht,omc_pa642935,http://www2.assemblee-nationale.fr/static/tribun/15/photos/642935.jpg,"UDI, Agir et Indépendants",,,UNION DES DEMOCRATES RADICAUX ET LIBERAUX,,Haut-Rhin,5,,,,,,,POUR
M.,Jean-Louis Thiériot,omc_pa643089,http://www2.assemblee-nationale.fr/static/tribun/15/photos/643089.jpg,Les Républicains,,,LR,,Seine-et-Marne,3,,,,,,,
M.,Jean-Jacques Ferrara,omc_pa643103,http://www2.assemblee-nationale.fr/static/tribun/15/photos/643103.jpg,Les Républicains,,,LR,,Corse-du-Sud,1,,,,,,,
M.,Bruno Questel,omc_pa643127,http://www2.assemblee-nationale.fr/static/tribun/15/photos/643127.jpg,La République en Marche,,,LREM,,Eure,4,,,,,,,CONTRE
Mme,Isabelle Valentin,omc_pa643134,http://www2.assemblee-nationale.fr/static/tribun/15/photos/643134.jpg,Les Républicains,,,LR,,Haute-Loire,1,,,,,,,CONTRE
Mme,Hélène Vainqueur-Christophe,omc_pa643145,http://www2.assemblee-nationale.fr/static/tribun/15/photos/643145.jpg,Socialistes et apparentés,,,NOUVELLE GAUCHE,,Guadeloupe,4,,,,,,,
Mme,Stella Dupont,omc_pa643175,http://www2.assemblee-nationale.fr/static/tribun/15/photos/643175.jpg,La République en Marche,,,LREM,,Maine-et-Loire,2,,,,,,,POUR
Mme,Anne-Christine Lang,omc_pa643205,http://www2.assemblee-nationale.fr/static/tribun/15/photos/643205.jpg,La République en Marche,,,LREM,,Paris,10,,,Présent,Contre,,,
M.,Jean-Jacques Bridey,omc_pa672,http://www2.assemblee-nationale.fr/static/tribun/15/photos/672.jpg,La République en Marche,,,LREM,,Val-de-Marne,7,,,Présent,Contre,PRESENT,CONTRE,CONTRE
M.,Stéphane Mazars,omc_pa677483,http://www2.assemblee-nationale.fr/static/tribun/15/photos/677483.jpg,La République en Marche,,,LREM,,Aveyron,1,,,,,,,CONTRE
Mme,Marie-George Buffet,omc_pa689,http://www2.assemblee-nationale.fr/static/tribun/15/photos/689.jpg,Gauche démocrate et républicaine,,,PCF,,Seine-Saint-Denis,4,,,,,,,POUR
M.,Meyer Habib,omc_pa695100,http://www2.assemblee-nationale.fr/static/tribun/15/photos/695100.jpg,"UDI, Agir et Indépendants",,,UNION DES DEMOCRATES RADICAUX ET LIBERAUX,,Français établis hors de France,8,,,,,,,
Mme,Maina Sage,omc_pa702052,http://www2.assemblee-nationale.fr/static/tribun/15/photos/702052.jpg,"UDI, Agir et Indépendants",,,UNION DES DEMOCRATES RADICAUX ET LIBERAUX,,Polynésie Française,1,,,,,,,
M.,Stéphane Claireaux,omc_pa702054,http://www2.assemblee-nationale.fr/static/tribun/15/photos/702054.jpg,La République en Marche,,,LREM,,Saint-Pierre-et-Miquelon,1,,,,,,,POUR
M.,Arnaud Viala,omc_pa709315,http://www2.assemblee-nationale.fr/static/tribun/15/photos/709315.jpg,Les Républicains,,,LR,,Aveyron,3,,,Présent,Contre,,,
M.,Vincent Ledoux,omc_pa712014,http://www2.assemblee-nationale.fr/static/tribun/15/photos/712014.jpg,"UDI, Agir et Indépendants",,,UNION DES DEMOCRATES RADICAUX ET LIBERAUX,,Nord,10,,,,,,,POUR
M.,Julien Dive,omc_pa712015,http://www2.assemblee-nationale.fr/static/tribun/15/photos/712015.jpg,Les Républicains,,,LR,,Aisne,2,,,Présent,Contre,,,
Mme,Marine Brenier,omc_pa713448,http://www2.assemblee-nationale.fr/static/tribun/15/photos/713448.jpg,Les Républicains,,,LR,,Alpes-Maritimes,5,,,,,,,
Mme,Marielle de Sarnez,omc_pa717151,http://www2.assemblee-nationale.fr/static/tribun/15/photos/717151.jpg,Mouvement Démocrate et apparentés,,,MODEM,,Paris,11,,,,,,,
M.,Sylvain Maillard,omc_pa717379,http://www2.assemblee-nationale.fr/static/tribun/15/photos/717379.jpg,La République en Marche,,,LREM,,Paris,1,,,,,,,
Mme,Olga Givernet,omc_pa718674,http://www2.assemblee-nationale.fr/static/tribun/15/photos/718674.jpg,La République en Marche,,,LREM,,Ain,3,,,,,,,CONTRE
M.,Stéphane Trompille,omc_pa718682,http://www2.assemblee-nationale.fr/static/tribun/15/photos/718682.jpg,La République en Marche,,,LREM,,Ain,4,,,,,,,CONTRE
M.,Marc Delatte,omc_pa718694,http://www2.assemblee-nationale.fr/static/tribun/15/photos/718694.jpg,La République en Marche,,,LREM,,Aisne,4,,,,,,,POUR
Mme,Emmanuelle Fontaine-Domeizel,omc_pa718706,http://www2.assemblee-nationale.fr/static/tribun/15/photos/718706.jpg,La République en Marche,,,LREM,,Alpes-de-Haute-Provence,2,,,,,,,POUR
Mme,Pascale Boyer,omc_pa718710,http://www2.assemblee-nationale.fr/static/tribun/15/photos/718710.jpg,La République en Marche,,,LREM,,Hautes-Alpes,1,,,Présent,Contre,,,CONTRE
M.,Jean-Paul Dufrègne,omc_pa718720,http://www2.assemblee-nationale.fr/static/tribun/15/photos/718720.jpg,Gauche démocrate et républicaine,,,PCF,,Allier,1,,,,,,,POUR
Mme,Laurence Vanceunebrock-Mialon,omc_pa718728,http://www2.assemblee-nationale.fr/static/tribun/15/photos/718728.jpg,La République en Marche,,,LREM,,Allier,2,SIGNATAIRE,SIGNATAIRE,,,,,
Mme,Bénédicte Peyrol,omc_pa718736,http://www2.assemblee-nationale.fr/static/tribun/15/photos/718736.jpg,La République en Marche,,,LREM,,Allier,3,,,,,,,
Mme,Delphine Bagarry,omc_pa718744,http://www2.assemblee-nationale.fr/static/tribun/15/photos/718744.jpg,La République en Marche,,,LREM,,Alpes-de-Haute-Provence,1,,,,,,,
Mme,Aude Bono-Vandorme,omc_pa718756,http://www2.assemblee-nationale.fr/static/tribun/15/photos/718756.jpg,La République en Marche,,,LREM,,Aisne,1,,,,,,,
Mme,Alexandra Valetta Ardisson,omc_pa718768,http://www2.assemblee-nationale.fr/static/tribun/15/photos/718768.jpg,La République en Marche,,,LREM,,Alpes-Maritimes,4,,,,,,,
Mme,Laurence Trastour-Isnart,omc_pa718780,http://www2.assemblee-nationale.fr/static/tribun/15/photos/718780.jpg,Les Républicains,,,LR,,Alpes-Maritimes,6,,,,,,,POUR
M.,Éric Pauget,omc_pa718784,http://www2.assemblee-nationale.fr/static/tribun/15/photos/718784.jpg,Les Républicains,,,LR,,Alpes-Maritimes,7,,,,,,,
Mme,Danièle Hérin,omc_pa718794,http://www2.assemblee-nationale.fr/static/tribun/15/photos/718794.jpg,La République en Marche,,,LREM,,Aude,1,,SIGNATAIRE,,,PRESENT,CONTRE,CONTRE
M.,Alain Perea,omc_pa718802,http://www2.assemblee-nationale.fr/static/tribun/15/photos/718802.jpg,La République en Marche,,,LREM,,Aude,2,,,,,,,
Mme,Mireille Robert,omc_pa718810,http://www2.assemblee-nationale.fr/static/tribun/15/photos/718810.jpg,La République en Marche,,,LREM,,Aude,3,,,,,,,
M.,Fabrice Brun,omc_pa718838,http://www2.assemblee-nationale.fr/static/tribun/15/photos/718838.jpg,Les Républicains,,,LR,,Ardèche,3,,,,,,,
M.,Pierre Cordier,omc_pa718850,http://www2.assemblee-nationale.fr/static/tribun/15/photos/718850.jpg,Les Républicains,,,LR,Apparenté au,Ardennes,2,,,,,,,
Mme,Bénédicte Taurine,omc_pa718860,http://www2.assemblee-nationale.fr/static/tribun/15/photos/718860.jpg,La France insoumise,,,LFI,,Ariège,1,,,,,,,
M.,Michel Larive,omc_pa718868,http://www2.assemblee-nationale.fr/static/tribun/15/photos/718868.jpg,La France insoumise,,,LFI,,Ariège,2,,,,,,,POUR
M.,Grégory Besson-Moreau,omc_pa718876,http://www2.assemblee-nationale.fr/static/tribun/15/photos/718876.jpg,La République en Marche,,,LREM,,Aube,1,,,Présent,Contre,,,CONTRE
Mme,Valérie Bazin-Malgras,omc_pa718884,http://www2.assemblee-nationale.fr/static/tribun/15/photos/718884.jpg,Les Républicains,,,LR,,Aube,2,,,,,,,
M.,Loïc Dombreval,omc_pa718894,http://www2.assemblee-nationale.fr/static/tribun/15/photos/718894.jpg,La République en Marche,,,LREM,,Alpes-Maritimes,2,SIGNATAIRE,SIGNATAIRE,,,,,CONTRE
M.,Cédric Roussel,omc_pa718902,http://www2.assemblee-nationale.fr/static/tribun/15/photos/718902.jpg,La République en Marche,,,LREM,,Alpes-Maritimes,3,,,,,,,
Mme,Claire Pitollat,omc_pa718910,http://www2.assemblee-nationale.fr/static/tribun/15/photos/718910.jpg,La République en Marche,,,LREM,,Bouches-du-Rhône,2,,,,,,,
Mme,Alexandra Louis,omc_pa718918,http://www2.assemblee-nationale.fr/static/tribun/15/photos/718918.jpg,La République en Marche,,,LREM,,Bouches-du-Rhône,3,,,,,,,
M.,Pierre Dharréville,omc_pa718926,http://www2.assemblee-nationale.fr/static/tribun/15/photos/718926.jpg,Gauche démocrate et républicaine,,,PCF,,Bouches-du-Rhône,13,,,,,PRESENT,POUR,CONTRE
Mme,Anne-Laurence Petel,omc_pa718930,http://www2.assemblee-nationale.fr/static/tribun/15/photos/718930.jpg,La République en Marche,,,LREM,,Bouches-du-Rhône,14,SIGNATAIRE,,,,PRESENT,CONTRE,NE VEUT PAS REPONDRE
Mme,Cathy Racon-Bouzon,omc_pa718944,http://www2.assemblee-nationale.fr/static/tribun/15/photos/718944.jpg,La République en Marche,,,LREM,,Bouches-du-Rhône,5,,,,,,,
M.,Saïd Ahamada,omc_pa718954,http://www2.assemblee-nationale.fr/static/tribun/15/photos/718954.jpg,La République en Marche,,,LREM,,Bouches-du-Rhône,7,SIGNATAIRE,,,,,,
M.,Jean-Marc Zulesi,omc_pa718962,http://www2.assemblee-nationale.fr/static/tribun/15/photos/718962.jpg,La République en Marche,,,LREM,,Bouches-du-Rhône,8,SIGNATAIRE,SIGNATAIRE,Présent,Pour,,,
M.,Mohamed Laqhila,omc_pa718978,http://www2.assemblee-nationale.fr/static/tribun/15/photos/718978.jpg,Mouvement Démocrate et apparentés,,,MODEM,,Bouches-du-Rhône,11,,,,,,,
Mme,Anne Blanc,omc_pa718990,http://www2.assemblee-nationale.fr/static/tribun/15/photos/718990.jpg,La République en Marche,,,LREM,,Aveyron,2,,,,,,,
M.,Fabrice Le Vigoureux,omc_pa719006,http://www2.assemblee-nationale.fr/static/tribun/15/photos/719006.jpg,La République en Marche,,,LREM,,Calvados,1,SIGNATAIRE,,,,,,
M.,Christophe Blanchet,omc_pa719024,http://www2.assemblee-nationale.fr/static/tribun/15/photos/719024.jpg,La République en Marche,,,LREM,,Calvados,4,,,,,,,
M.,Bertrand Bouyx,omc_pa719032,http://www2.assemblee-nationale.fr/static/tribun/15/photos/719032.jpg,La République en Marche,,,LREM,,Calvados,5,,,Présent,Contre,,,
Mme,Nadia Essayan,omc_pa719044,http://www2.assemblee-nationale.fr/static/tribun/15/photos/719044.jpg,Mouvement Démocrate et apparentés,,,MODEM,,Cher,2,,,,,,,CONTRE
M.,Loïc Kervran,omc_pa719052,http://www2.assemblee-nationale.fr/static/tribun/15/photos/719052.jpg,La République en Marche,,,LREM,,Cher,3,,,,,,,
M.,Christophe Jerretie,omc_pa719060,http://www2.assemblee-nationale.fr/static/tribun/15/photos/719060.jpg,La République en Marche,,,LREM,,Corrèze,1,,,,,,,
M.,Thomas Mesnier,omc_pa719072,http://www2.assemblee-nationale.fr/static/tribun/15/photos/719072.jpg,La République en Marche,,,LREM,,Charente,1,,,,,,,CONTRE
Mme,Sandra Marsaud,omc_pa719080,http://www2.assemblee-nationale.fr/static/tribun/15/photos/719080.jpg,La République en Marche,,,LREM,,Charente,2,,SIGNATAIRE,,,,,
Mme,Frédérique Tuffnell,omc_pa719092,http://www2.assemblee-nationale.fr/static/tribun/15/photos/719092.jpg,La République en Marche,,,LREM,,Charente-Maritime,2,,,,,,,POUR
M.,Jean-Philippe Ardouin,omc_pa719100,http://www2.assemblee-nationale.fr/static/tribun/15/photos/719100.jpg,La République en Marche,,,LREM,,Charente-Maritime,3,,,,,,,
M.,Raphaël Gérard,omc_pa719108,http://www2.assemblee-nationale.fr/static/tribun/15/photos/719108.jpg,La République en Marche,,,LREM,,Charente-Maritime,4,,,,,,,
M.,François Cormier-Bouligeon,omc_pa719118,http://www2.assemblee-nationale.fr/static/tribun/15/photos/719118.jpg,La République en Marche,,,LREM,,Cher,1,,,,,,,
Mme,Monica Michel,omc_pa719130,http://www2.assemblee-nationale.fr/static/tribun/15/photos/719130.jpg,La République en Marche,,,LREM,,Bouches-du-Rhône,16,,,,,,,
M.,Michel Castellani,omc_pa719138,http://www2.assemblee-nationale.fr/static/tribun/15/photos/719138.jpg,Libertés et Territoires,,,NI,Régions et peuples solidaires,Haute-Corse,1,,,,,,,
M.,Jean-Félix Acquaviva,omc_pa719146,http://www2.assemblee-nationale.fr/static/tribun/15/photos/719146.jpg,Libertés et Territoires,,,NI,Régions et peuples solidaires,Haute-Corse,2,,,,,,,POUR
M.,Didier Martin,omc_pa719154,http://www2.assemblee-nationale.fr/static/tribun/15/photos/719154.jpg,La République en Marche,,,LREM,,Côte-d'Or,1,,,,,PRESENT,POUR,POUR
Mme,Jacqueline Dubois,omc_pa719162,http://www2.assemblee-nationale.fr/static/tribun/15/photos/719162.jpg,La République en Marche,,,LREM,,Dordogne,4,SIGNATAIRE,,,,,,CONTRE
Mme,Fannette Charvier,omc_pa719170,http://www2.assemblee-nationale.fr/static/tribun/15/photos/719170.jpg,La République en Marche,,,LREM,,Doubs,1,SIGNATAIRE,SIGNATAIRE,Présent,Pour,,,
Mme,Fadila Khattabi,omc_pa719186,http://www2.assemblee-nationale.fr/static/tribun/15/photos/719186.jpg,La République en Marche,,,LREM,,Côte-d'Or,3,,,,,PRESENT,POUR,POUR
Mme,Yolaine de Courson,omc_pa719194,http://www2.assemblee-nationale.fr/static/tribun/15/photos/719194.jpg,La République en Marche,,,LREM,,Côte-d'Or,4,SIGNATAIRE,,,,,,
M.,Didier Paris,omc_pa719202,http://www2.assemblee-nationale.fr/static/tribun/15/photos/719202.jpg,La République en Marche,,,LREM,,Côte-d'Or,5,,,,,,,CONTRE
M.,Bruno Joncour,omc_pa719210,http://www2.assemblee-nationale.fr/static/tribun/15/photos/719210.jpg,Mouvement Démocrate et apparentés,,,MODEM,,Côtes-d'Armor,1,,,,,,,CONTRE
M.,Hervé Berville,omc_pa719218,http://www2.assemblee-nationale.fr/static/tribun/15/photos/719218.jpg,La République en Marche,,,LREM,,Côtes-d'Armor,2,,,,,,,
M.,Yannick Kerlogot,omc_pa719230,http://www2.assemblee-nationale.fr/static/tribun/15/photos/719230.jpg,La République en Marche,,,LREM,,Côtes-d'Armor,4,SIGNATAIRE,SIGNATAIRE,,,,,
M.,Jean-Baptiste Moreau,omc_pa719242,http://www2.assemblee-nationale.fr/static/tribun/15/photos/719242.jpg,La République en Marche,,,LREM,,Creuse,1,,,Présent,Contre,PRESENT,CONTRE,NE VEUT PAS REPONDRE
M.,Philippe Chassaing,omc_pa719250,http://www2.assemblee-nationale.fr/static/tribun/15/photos/719250.jpg,La République en Marche,,,LREM,,Dordogne,1,,,,,PRESENT,POUR,
M.,Michel Delpon,omc_pa719258,http://www2.assemblee-nationale.fr/static/tribun/15/photos/719258.jpg,La République en Marche,,,LREM,,Dordogne,2,,,Présent,Abstention,,,
M.,Jean-Pierre Cubertafon,omc_pa719266,http://www2.assemblee-nationale.fr/static/tribun/15/photos/719266.jpg,Mouvement Démocrate et apparentés,,,MODEM,,Dordogne,3,,,,,,,
Mme,Frédérique Meunier,omc_pa719272,http://www2.assemblee-nationale.fr/static/tribun/15/photos/719272.jpg,Les Républicains,,,LR,,Corrèze,2,,,,,,,
M.,Paul-André Colombani,omc_pa719286,http://www2.assemblee-nationale.fr/static/tribun/15/photos/719286.jpg,Libertés et Territoires,,,NI,Régions et peuples solidaires,Corse-du-Sud,2,,,,,,,POUR
Mme,Mireille Clapot,omc_pa719294,http://www2.assemblee-nationale.fr/static/tribun/15/photos/719294.jpg,La République en Marche,,,LREM,,Drôme,1,SIGNATAIRE,,,,,,
Mme,Alice Thourot,omc_pa719302,http://www2.assemblee-nationale.fr/static/tribun/15/photos/719302.jpg,La République en Marche,,,LREM,,Drôme,2,,,,,,,CONTRE
Mme,Célia de Lavergne,omc_pa719310,http://www2.assemblee-nationale.fr/static/tribun/15/photos/719310.jpg,La République en Marche,,,LREM,,Drôme,3,,,,,PRESENT,CONTRE,
Mme,Emmanuelle Anthoine,omc_pa719318,http://www2.assemblee-nationale.fr/static/tribun/15/photos/719318.jpg,Les Républicains,,,LR,,Drôme,4,,,Présent,Contre,,,
Mme,Séverine Gipson,omc_pa719326,http://www2.assemblee-nationale.fr/static/tribun/15/photos/719326.jpg,La République en Marche,,,LREM,,Eure,1,,,Présent,Contre,,,
M.,Fabien Gouttefarde,omc_pa719330,http://www2.assemblee-nationale.fr/static/tribun/15/photos/719330.jpg,La République en Marche,,,LREM,,Eure,2,,,,,,,CONTRE
Mme,Graziella Melchior,omc_pa719338,http://www2.assemblee-nationale.fr/static/tribun/15/photos/719338.jpg,La République en Marche,,,LREM,,Finistère,5,,,Présent,Contre,PRESENT,CONTRE,
Mme,Marie Tamarelle-Verhaeghe,omc_pa719350,http://www2.assemblee-nationale.fr/static/tribun/15/photos/719350.jpg,La République en Marche,,,LREM,,Eure,3,,,,,,,
Mme,Claire O'Petit,omc_pa719364,http://www2.assemblee-nationale.fr/static/tribun/15/photos/719364.jpg,La République en Marche,,,LREM,,Eure,5,,,,,,,NE VEUT PAS REPONDRE
M.,Guillaume Kasbarian,omc_pa719372,http://www2.assemblee-nationale.fr/static/tribun/15/photos/719372.jpg,La République en Marche,,,LREM,,Eure-et-Loir,1,,,Présent,Contre,PRESENT,CONTRE,
Mme,Annaïg Le Meur,omc_pa719388,http://www2.assemblee-nationale.fr/static/tribun/15/photos/719388.jpg,La République en Marche,,,LREM,,Finistère,1,SIGNATAIRE,,,,,,
M.,Jean-Charles Larsonneur,omc_pa719396,http://www2.assemblee-nationale.fr/static/tribun/15/photos/719396.jpg,La République en Marche,,,LREM,,Finistère,2,SIGNATAIRE,,Présent,Pour,,,
M.,Didier Le Gac,omc_pa719404,http://www2.assemblee-nationale.fr/static/tribun/15/photos/719404.jpg,La République en Marche,,,LREM,,Finistère,3,,,,,,,
Mme,Sandrine Le Feur,omc_pa719412,http://www2.assemblee-nationale.fr/static/tribun/15/photos/719412.jpg,La République en Marche,,,LREM,,Finistère,4,SIGNATAIRE,SIGNATAIRE,Présent,Pour,PRESENT,ABSTENTION,
M.,Denis Sommer,omc_pa719420,http://www2.assemblee-nationale.fr/static/tribun/15/photos/719420.jpg,La République en Marche,,,LREM,,Doubs,3,SIGNATAIRE,SIGNATAIRE,,,,,
M.,Anthony Cellier,omc_pa719440,http://www2.assemblee-nationale.fr/static/tribun/15/photos/719440.jpg,La République en Marche,,,LREM,,Gard,3,,,,,,,
Mme,Annie Chapelier,omc_pa719448,http://www2.assemblee-nationale.fr/static/tribun/15/photos/719448.jpg,La République en Marche,,,LREM,,Gard,4,SIGNATAIRE,,,,,,
Mme,Sandrine Mörch,omc_pa719456,http://www2.assemblee-nationale.fr/static/tribun/15/photos/719456.jpg,La République en Marche,,,LREM,,Haute-Garonne,9,SIGNATAIRE,,Présent,Pour,,,
M.,Sébastien Nadot,omc_pa719464,http://www2.assemblee-nationale.fr/static/tribun/15/photos/719464.jpg,La République en Marche,,,LREM,,Haute-Garonne,10,,SIGNATAIRE,,,,,CONTRE
M.,Jean-René Cazeneuve,omc_pa719472,http://www2.assemblee-nationale.fr/static/tribun/15/photos/719472.jpg,La République en Marche,,,LREM,,Gers,1,,,,,,,
M.,Olivier Gaillard,omc_pa719480,http://www2.assemblee-nationale.fr/static/tribun/15/photos/719480.jpg,La République en Marche,,,LREM,,Gard,5,,,Présent,Contre,,,POUR
M.,Philippe Berta,omc_pa719488,http://www2.assemblee-nationale.fr/static/tribun/15/photos/719488.jpg,Mouvement Démocrate et apparentés,,,MODEM,,Gard,6,,,,,,,CONTRE
M.,Pierre Cabaré,omc_pa719496,http://www2.assemblee-nationale.fr/static/tribun/15/photos/719496.jpg,La République en Marche,,,LREM,,Haute-Garonne,1,,,,,,,
M.,Jean-Luc Lagleize,omc_pa719504,http://www2.assemblee-nationale.fr/static/tribun/15/photos/719504.jpg,Mouvement Démocrate et apparentés,,,MODEM,,Haute-Garonne,2,,,,,,,CONTRE
Mme,Corinne Vignon,omc_pa719512,http://www2.assemblee-nationale.fr/static/tribun/15/photos/719512.jpg,La République en Marche,,,LREM,,Haute-Garonne,3,,,,,,,
M.,Mickaël Nogal,omc_pa719520,http://www2.assemblee-nationale.fr/static/tribun/15/photos/719520.jpg,La République en Marche,,,LREM,,Haute-Garonne,4,,,,,,,
M.,Jean-François Portarrieu,omc_pa719528,http://www2.assemblee-nationale.fr/static/tribun/15/photos/719528.jpg,La République en Marche,,,LREM,,Haute-Garonne,5,,,,,,,
Mme,Élisabeth Toutut-Picard,omc_pa719540,http://www2.assemblee-nationale.fr/static/tribun/15/photos/719540.jpg,La République en Marche,,,LREM,,Haute-Garonne,7,,SIGNATAIRE,Présent,Pour,,,POUR
Mme,Liliana Tanguy,omc_pa719550,http://www2.assemblee-nationale.fr/static/tribun/15/photos/719550.jpg,La République en Marche,,,LREM,,Finistère,7,,,,,,,
M.,Erwan Balanant,omc_pa719558,http://www2.assemblee-nationale.fr/static/tribun/15/photos/719558.jpg,Mouvement Démocrate et apparentés,,,MODEM,,Finistère,8,,,,,,,POUR
Mme,Catherine Fabre,omc_pa719570,http://www2.assemblee-nationale.fr/static/tribun/15/photos/719570.jpg,La République en Marche,,,LREM,,Gironde,2,SIGNATAIRE,,,,,,
M.,Loïc Prud'homme,omc_pa719578,http://www2.assemblee-nationale.fr/static/tribun/15/photos/719578.jpg,La France insoumise,,,LFI,,Gironde,3,,,Présent,Pour,,,POUR
M.,Benoit Simian,omc_pa719592,http://www2.assemblee-nationale.fr/static/tribun/15/photos/719592.jpg,La République en Marche,,,LREM,,Gironde,5,,,,,,,
M.,Éric Poulliat,omc_pa719600,http://www2.assemblee-nationale.fr/static/tribun/15/photos/719600.jpg,La République en Marche,,,LREM,,Gironde,6,,,,,,,POUR
Mme,Emmanuelle Ménard,omc_pa719608,http://www2.assemblee-nationale.fr/static/tribun/15/photos/719608.jpg,Non inscrit,,,NI,RN,Hérault,6,,,,,PRESENT,ABSTENTION,ABSTENTION
M.,Christophe Euzet,omc_pa719616,http://www2.assemblee-nationale.fr/static/tribun/15/photos/719616.jpg,La République en Marche,,,LREM,,Hérault,7,,,,,,,
Mme,Bérangère Couillard,omc_pa719624,http://www2.assemblee-nationale.fr/static/tribun/15/photos/719624.jpg,La République en Marche,,,LREM,,Gironde,7,,,,,,,NE VEUT PAS REPONDRE
Mme,Sophie Panonacle,omc_pa719632,http://www2.assemblee-nationale.fr/static/tribun/15/photos/719632.jpg,La République en Marche,,,LREM,,Gironde,8,SIGNATAIRE,SIGNATAIRE,,,,,
Mme,Sophie Mette,omc_pa719640,http://www2.assemblee-nationale.fr/static/tribun/15/photos/719640.jpg,Mouvement Démocrate et apparentés,,,MODEM,,Gironde,9,,,Présent,Contre,,,
Mme,Véronique Hammerer,omc_pa719652,http://www2.assemblee-nationale.fr/static/tribun/15/photos/719652.jpg,La République en Marche,,,LREM,,Gironde,11,,,Présent,Contre,,,
M.,Pascal Lavergne,omc_pa719664,http://www2.assemblee-nationale.fr/static/tribun/15/photos/719664.jpg,La République en Marche,Christelle Dubos,,LREM,,Gironde,12,,,,,PRESENT,CONTRE,
Mme,Patricia Mirallès,omc_pa719668,http://www2.assemblee-nationale.fr/static/tribun/15/photos/719668.jpg,La République en Marche,,,LREM,,Hérault,1,SIGNATAIRE,,,,,,CONTRE
Mme,Muriel Ressiguier,omc_pa719676,http://www2.assemblee-nationale.fr/static/tribun/15/photos/719676.jpg,La France insoumise,,,LFI,,Hérault,2,,,,,,,POUR
Mme,Coralie Dubost,omc_pa719684,http://www2.assemblee-nationale.fr/static/tribun/15/photos/719684.jpg,La République en Marche,,,LREM,,Hérault,3,,,,,PRESENT,CONTRE,
M.,Jean-François Eliaou,omc_pa719692,http://www2.assemblee-nationale.fr/static/tribun/15/photos/719692.jpg,La République en Marche,,,LREM,,Hérault,4,,,,,,,CONTRE
M.,Philippe Huppé,omc_pa719700,http://www2.assemblee-nationale.fr/static/tribun/15/photos/719700.jpg,La République en Marche,,,LREM,,Hérault,5,,,Présent,Contre,,,
Mme,Dominique David,omc_pa719710,http://www2.assemblee-nationale.fr/static/tribun/15/photos/719710.jpg,La République en Marche,,,LREM,,Gironde,1,,,,,,,
Mme,Laurence Maillart-Méhaignerie,omc_pa719718,http://www2.assemblee-nationale.fr/static/tribun/15/photos/719718.jpg,La République en Marche,,,LREM,,Ille-et-Vilaine,2,SIGNATAIRE,,Présent,Contre,PRESENT,CONTRE,
M.,Gaël Le Bohec,omc_pa719728,http://www2.assemblee-nationale.fr/static/tribun/15/photos/719728.jpg,La République en Marche,,,LREM,,Ille-et-Vilaine,4,SIGNATAIRE,,,,,,
M.,Jean-Charles Colas-Roy,omc_pa719740,http://www2.assemblee-nationale.fr/static/tribun/15/photos/719740.jpg,La République en Marche,,,LREM,,Isère,2,SIGNATAIRE,,,,,,
Mme,Émilie Chalas,omc_pa719748,http://www2.assemblee-nationale.fr/static/tribun/15/photos/719748.jpg,La République en Marche,,,LREM,,Isère,3,SIGNATAIRE,,,,,,
Mme,Christine Cloarec,omc_pa719756,http://www2.assemblee-nationale.fr/static/tribun/15/photos/719756.jpg,La République en Marche,,,LREM,,Ille-et-Vilaine,5,,,,,,,CONTRE
M.,Florian Bachelier,omc_pa719770,http://www2.assemblee-nationale.fr/static/tribun/15/photos/719770.jpg,La République en Marche,,,LREM,,Ille-et-Vilaine,8,,,Présent,Contre,PRESENT,CONTRE,
M.,François Jolivet,omc_pa719778,http://www2.assemblee-nationale.fr/static/tribun/15/photos/719778.jpg,La République en Marche,,,LREM,,Indre,1,,,,,,,
M.,Philippe Chalumeau,omc_pa719790,http://www2.assemblee-nationale.fr/static/tribun/15/photos/719790.jpg,La République en Marche,,,LREM,,Indre-et-Loire,1,,SIGNATAIRE,,,,,
M.,Daniel Labaronne,omc_pa719798,http://www2.assemblee-nationale.fr/static/tribun/15/photos/719798.jpg,La République en Marche,,,LREM,,Indre-et-Loire,2,,,,,,,POUR ( SUPPOSITION)
Mme,Sophie Auconie,omc_pa719806,http://www2.assemblee-nationale.fr/static/tribun/15/photos/719806.jpg,"UDI, Agir et Indépendants",,,UNION DES DEMOCRATES RADICAUX ET LIBERAUX,,Indre-et-Loire,3,,,Présent,Contre,,,NE VEUT PAS REPONDRE
Mme,Fabienne Colboc,omc_pa719814,http://www2.assemblee-nationale.fr/static/tribun/15/photos/719814.jpg,La République en Marche,,,LREM,,Indre-et-Loire,4,,,,,PRESENT,CONTRE,
Mme,Sabine Thillaye,omc_pa719822,http://www2.assemblee-nationale.fr/static/tribun/15/photos/719822.jpg,La République en Marche,,,LREM,,Indre-et-Loire,5,,,,,,,
M.,Nicolas Démoulin,omc_pa719830,http://www2.assemblee-nationale.fr/static/tribun/15/photos/719830.jpg,La République en Marche,,,LREM,,Hérault,8,,,Présent,Contre,,,
M.,Mustapha Laabid,omc_pa719842,http://www2.assemblee-nationale.fr/static/tribun/15/photos/719842.jpg,La République en Marche,,,LREM,,Ille-et-Vilaine,1,,,,,,,
Mme,Cendra Motin,omc_pa719850,http://www2.assemblee-nationale.fr/static/tribun/15/photos/719850.jpg,La République en Marche,,,LREM,,Isère,6,,,,,PRESENT,CONTRE,CONTRE
Mme,Monique Limon,omc_pa719858,http://www2.assemblee-nationale.fr/static/tribun/15/photos/719858.jpg,La République en Marche,,,LREM,,Isère,7,,,Présent,Contre,PRESENT,CONTRE,
Mme,Caroline Abadie,omc_pa719866,http://www2.assemblee-nationale.fr/static/tribun/15/photos/719866.jpg,La République en Marche,,,LREM,,Isère,8,,,,,,,
Mme,Élodie Jacquier-Laforge,omc_pa719874,http://www2.assemblee-nationale.fr/static/tribun/15/photos/719874.jpg,Mouvement Démocrate et apparentés,,,MODEM,,Isère,9,,,,,,,CONTRE
Mme,Marjolaine Meynier-Millefert,omc_pa719882,http://www2.assemblee-nationale.fr/static/tribun/15/photos/719882.jpg,La République en Marche,,,LREM,,Isère,10,SIGNATAIRE,SIGNATAIRE,,,,,
Mme,Danielle Brulebois,omc_pa719890,http://www2.assemblee-nationale.fr/static/tribun/15/photos/719890.jpg,La République en Marche,,,LREM,,Jura,1,SIGNATAIRE,,,,,,
M.,Mounir Belhamiti,omc_pa719910,http://www2.assemblee-nationale.fr/static/tribun/15/photos/719910.jpg,La République en Marche,François de Rugy,,LREM,,Loire-Atlantique,1,,,Présent,Non-votant,,NON-VOTANT,
M.,Fabien Lainé,omc_pa719918,http://www2.assemblee-nationale.fr/static/tribun/15/photos/719918.jpg,Mouvement Démocrate et apparentés,,,MODEM,,Landes,1,,,,,,,CONTRE
M.,Lionel Causse,omc_pa719922,http://www2.assemblee-nationale.fr/static/tribun/15/photos/719922.jpg,La République en Marche,,,LREM,,Landes,2,SIGNATAIRE,SIGNATAIRE,,,,,
M.,Boris Vallaud,omc_pa719930,http://www2.assemblee-nationale.fr/static/tribun/15/photos/719930.jpg,Socialistes et apparentés,,,NOUVELLE GAUCHE,,Landes,3,,,,,PRESENT,POUR,POUR
M.,Stéphane Baudu,omc_pa719942,http://www2.assemblee-nationale.fr/static/tribun/15/photos/719942.jpg,Mouvement Démocrate et apparentés,Marc Fesneau,,MODEM,,Loir-et-Cher,1,,,Présent,Contre,,,
M.,Guillaume Peltier,omc_pa719946,http://www2.assemblee-nationale.fr/static/tribun/15/photos/719946.jpg,Les Républicains,,,LR,,Loir-et-Cher,2,,,,,,,
M.,Jean-Michel Mis,omc_pa719952,http://www2.assemblee-nationale.fr/static/tribun/15/photos/719952.jpg,La République en Marche,,,LREM,,Loire,2,,,,,,,POUR
Mme,Valéria Faure-Muntian,omc_pa719960,http://www2.assemblee-nationale.fr/static/tribun/15/photos/719960.jpg,La République en Marche,,,LREM,,Loire,3,,,Présent,Contre,,,NE VEUT PAS REPONDRE
Mme,Nathalie Sarles,omc_pa719972,http://www2.assemblee-nationale.fr/static/tribun/15/photos/719972.jpg,La République en Marche,,,LREM,,Loire,5,SIGNATAIRE,SIGNATAIRE,Présent,Pour,,,NE VEUT PAS REPONDRE
M.,Julien Borowczyk,omc_pa719980,http://www2.assemblee-nationale.fr/static/tribun/15/photos/719980.jpg,La République en Marche,,,LREM,,Loire,6,,,,,,,
Mme,Catherine Kamowski,omc_pa719994,http://www2.assemblee-nationale.fr/static/tribun/15/photos/719994.jpg,La République en Marche,,,LREM,,Isère,5,,,,,,,
Mme,Sarah El Haïry,omc_pa720002,http://www2.assemblee-nationale.fr/static/tribun/15/photos/720002.jpg,Mouvement Démocrate et apparentés,,,MODEM,,Loire-Atlantique,5,,,Présent,Contre,,,CONTRE
Mme,Huguette Tiegna,omc_pa720014,http://www2.assemblee-nationale.fr/static/tribun/15/photos/720014.jpg,La République en Marche,,,LREM,,Lot,2,SIGNATAIRE,,,,,,
M.,Michel Lauzzana,omc_pa720022,http://www2.assemblee-nationale.fr/static/tribun/15/photos/720022.jpg,La République en Marche,,,LREM,,Lot-et-Garonne,1,,,,,,,
M.,Alexandre Freschi,omc_pa720030,http://www2.assemblee-nationale.fr/static/tribun/15/photos/720030.jpg,La République en Marche,,,LREM,,Lot-et-Garonne,2,,,,,,,POUR
Mme,Sandrine Josso,omc_pa720038,http://www2.assemblee-nationale.fr/static/tribun/15/photos/720038.jpg,La République en Marche,,,LREM,,Loire-Atlantique,7,SIGNATAIRE,SIGNATAIRE,,,,,
Mme,Audrey Dufeu Schubert,omc_pa720046,http://www2.assemblee-nationale.fr/static/tribun/15/photos/720046.jpg,La République en Marche,,,LREM,,Loire-Atlantique,8,,,,,,,
M.,Yannick Haury,omc_pa720054,http://www2.assemblee-nationale.fr/static/tribun/15/photos/720054.jpg,La République en Marche,,,LREM,,Loire-Atlantique,9,,,,,,,
Mme,Stéphanie Rist,omc_pa720066,http://www2.assemblee-nationale.fr/static/tribun/15/photos/720066.jpg,La République en Marche,,,LREM,,Loiret,1,,,,,,,
Mme,Caroline Janvier,omc_pa720074,http://www2.assemblee-nationale.fr/static/tribun/15/photos/720074.jpg,La République en Marche,,,LREM,,Loiret,2,,,,,,,
M.,Richard Ramos,omc_pa720092,http://www2.assemblee-nationale.fr/static/tribun/15/photos/720092.jpg,Mouvement Démocrate et apparentés,,,MODEM,,Loiret,6,,,Présent,Pour,,,POUR
M.,Aurélien Pradié,omc_pa720100,http://www2.assemblee-nationale.fr/static/tribun/15/photos/720100.jpg,Les Républicains,,,LR,,Lot,1,,,,,,,
Mme,Valérie Oppelt,omc_pa720108,http://www2.assemblee-nationale.fr/static/tribun/15/photos/720108.jpg,La République en Marche,,,LREM,,Loire-Atlantique,2,,,,,,,
Mme,Anne-France Brunet,omc_pa720116,http://www2.assemblee-nationale.fr/static/tribun/15/photos/720116.jpg,La République en Marche,,,LREM,,Loire-Atlantique,3,,,,,,,
Mme,Aude Amadou,omc_pa720124,http://www2.assemblee-nationale.fr/static/tribun/15/photos/720124.jpg,La République en Marche,,,LREM,,Loire-Atlantique,4,,,,,,,
Mme,Laetitia Saint-Paul,omc_pa720138,http://www2.assemblee-nationale.fr/static/tribun/15/photos/720138.jpg,La République en Marche,,,LREM,,Maine-et-Loire,4,,,,,,,
M.,Denis Masséglia,omc_pa720146,http://www2.assemblee-nationale.fr/static/tribun/15/photos/720146.jpg,La République en Marche,,,LREM,,Maine-et-Loire,5,,,,,,,
Mme,Nicole Dubré-Chirat,omc_pa720154,http://www2.assemblee-nationale.fr/static/tribun/15/photos/720154.jpg,La République en Marche,,,LREM,,Maine-et-Loire,6,SIGNATAIRE,,,,,,
M.,Philippe Bolo,omc_pa720162,http://www2.assemblee-nationale.fr/static/tribun/15/photos/720162.jpg,Mouvement Démocrate et apparentés,,,MODEM,,Maine-et-Loire,7,,,,,,,
Mme,Carole Grandjean,omc_pa720170,http://www2.assemblee-nationale.fr/static/tribun/15/photos/720170.jpg,La République en Marche,,,LREM,,Meurthe-et-Moselle,1,,,,,,,
M.,Laurent Garcia,omc_pa720178,http://www2.assemblee-nationale.fr/static/tribun/15/photos/720178.jpg,Mouvement Démocrate et apparentés,,,MODEM,Apparenté au,Meurthe-et-Moselle,2,,,,,,,
M.,Bertrand Sorre,omc_pa720190,http://www2.assemblee-nationale.fr/static/tribun/15/photos/720190.jpg,La République en Marche,,,LREM,,Manche,2,,,,,,,
Mme,Sonia Krimi,omc_pa720202,http://www2.assemblee-nationale.fr/static/tribun/15/photos/720202.jpg,La République en Marche,,,LREM,,Manche,4,,SIGNATAIRE,,,,,POUR
Mme,Valérie Beauvais,omc_pa720210,http://www2.assemblee-nationale.fr/static/tribun/15/photos/720210.jpg,Les Républicains,,,LR,,Marne,1,,,,,,,
Mme,Aina Kuric,omc_pa720214,http://www2.assemblee-nationale.fr/static/tribun/15/photos/720214.jpg,La République en Marche,,,LREM,,Marne,2,,,,,,,
M.,Éric Girardin,omc_pa720222,http://www2.assemblee-nationale.fr/static/tribun/15/photos/720222.jpg,La République en Marche,,,LREM,,Marne,3,,,Présent,Contre,,,CONTRE
Mme,Lise Magnier,omc_pa720230,http://www2.assemblee-nationale.fr/static/tribun/15/photos/720230.jpg,"UDI, Agir et Indépendants",,,UNION DES DEMOCRATES RADICAUX ET LIBERAUX,,Marne,4,,,Présent,Contre,PRESENT,CONTRE,
Mme,Bérangère Abba,omc_pa720242,http://www2.assemblee-nationale.fr/static/tribun/15/photos/720242.jpg,La République en Marche,,,LREM,,Haute-Marne,1,SIGNATAIRE,SIGNATAIRE,,,PRESENT,CONTRE,
Mme,Géraldine Bannier,omc_pa720256,http://www2.assemblee-nationale.fr/static/tribun/15/photos/720256.jpg,Mouvement Démocrate et apparentés,,,MODEM,,Mayenne,2,,,Présent,Abstention,,,CONTRE
M.,Olivier Damaisin,omc_pa720268,http://www2.assemblee-nationale.fr/static/tribun/15/photos/720268.jpg,La République en Marche,,,LREM,,Lot-et-Garonne,3,,,Présent,Contre,,,CONTRE
M.,Matthieu Orphelin,omc_pa720278,http://www2.assemblee-nationale.fr/static/tribun/15/photos/720278.jpg,La République en Marche,,,LREM,,Maine-et-Loire,1,SIGNATAIRE,,Présent,Pour,,,
Mme,Caroline Fiat,omc_pa720286,http://www2.assemblee-nationale.fr/static/tribun/15/photos/720286.jpg,La France insoumise,,,LFI,,Meurthe-et-Moselle,6,,,,,,,
Mme,Émilie Cariou,omc_pa720298,http://www2.assemblee-nationale.fr/static/tribun/15/photos/720298.jpg,La République en Marche,,,LREM,,Meuse,2,,,,,,,
M.,Christophe Arend,omc_pa720310,http://www2.assemblee-nationale.fr/static/tribun/15/photos/720310.jpg,La République en Marche,,,LREM,,Moselle,6,SIGNATAIRE,,Présent,Pour,,,
Mme,Hélène Zannier,omc_pa720318,http://www2.assemblee-nationale.fr/static/tribun/15/photos/720318.jpg,La République en Marche,,,LREM,,Moselle,7,,,,,,,
M.,Brahim Hammouche,omc_pa720326,http://www2.assemblee-nationale.fr/static/tribun/15/photos/720326.jpg,Mouvement Démocrate et apparentés,,,MODEM,,Moselle,8,,,,,,,POUR
M.,Jimmy Pahun,omc_pa720334,http://www2.assemblee-nationale.fr/static/tribun/15/photos/720334.jpg,Mouvement Démocrate et apparentés,,,MODEM,Apparenté au,Morbihan,2,,,,,,,
Mme,Nicole Le Peih,omc_pa720342,http://www2.assemblee-nationale.fr/static/tribun/15/photos/720342.jpg,La République en Marche,,,LREM,,Morbihan,3,,,Présent,Contre,PRESENT,CONTRE,
M.,Jean-Michel Jacques,omc_pa720354,http://www2.assemblee-nationale.fr/static/tribun/15/photos/720354.jpg,La République en Marche,,,LREM,,Morbihan,6,,,Présent,Contre,,,
M.,Belkhir Belhaddad,omc_pa720362,http://www2.assemblee-nationale.fr/static/tribun/15/photos/720362.jpg,La République en Marche,,,LREM,,Moselle,1,,,,,,,
M.,Ludovic Mendes,omc_pa720370,http://www2.assemblee-nationale.fr/static/tribun/15/photos/720370.jpg,La République en Marche,,,LREM,,Moselle,2,,,,,,,
M.,Richard Lioger,omc_pa720378,http://www2.assemblee-nationale.fr/static/tribun/15/photos/720378.jpg,La République en Marche,,,LREM,,Moselle,3,,,,,,,
M.,Fabien Di Filippo,omc_pa720386,http://www2.assemblee-nationale.fr/static/tribun/15/photos/720386.jpg,Les Républicains,,,LR,,Moselle,4,,,,,,,
Mme,Nicole Trisse,omc_pa720394,http://www2.assemblee-nationale.fr/static/tribun/15/photos/720394.jpg,La République en Marche,,,LREM,,Moselle,5,SIGNATAIRE,,Présent,Pour,,,
M.,Xavier Paluszkiewicz,omc_pa720402,http://www2.assemblee-nationale.fr/static/tribun/15/photos/720402.jpg,La République en Marche,,,LREM,,Meurthe-et-Moselle,3,,,,,,,CONTRE
M.,Patrice Perrot,omc_pa720414,http://www2.assemblee-nationale.fr/static/tribun/15/photos/720414.jpg,La République en Marche,,,LREM,,Nièvre,2,,SIGNATAIRE,,,PRESENT,CONTRE,
M.,Adrien Quatennens,omc_pa720422,http://www2.assemblee-nationale.fr/static/tribun/15/photos/720422.jpg,La France insoumise,,,LFI,,Nord,1,,,,,PRESENT,POUR,POUR
M.,Ugo Bernalicis,omc_pa720430,http://www2.assemblee-nationale.fr/static/tribun/15/photos/720430.jpg,La France insoumise,,,LFI,,Nord,2,,,,,,,POUR
M.,Christophe Di Pompeo,omc_pa720438,http://www2.assemblee-nationale.fr/static/tribun/15/photos/720438.jpg,La République en Marche,,,LREM,,Nord,3,,,,,,,
Mme,Brigitte Liso,omc_pa720446,http://www2.assemblee-nationale.fr/static/tribun/15/photos/720446.jpg,La République en Marche,,,LREM,,Nord,4,,,,,,,CONTRE
M.,Dimitri Houbron,omc_pa720454,http://www2.assemblee-nationale.fr/static/tribun/15/photos/720454.jpg,La République en Marche,,,LREM,,Nord,17,,,,,,,
M.,Sébastien Chenu,omc_pa720468,http://www2.assemblee-nationale.fr/static/tribun/15/photos/720468.jpg,Non inscrit,,,NI,RN,Nord,19,,,,,,,
Mme,Charlotte Lecocq,omc_pa720480,http://www2.assemblee-nationale.fr/static/tribun/15/photos/720480.jpg,La République en Marche,,,LREM,,Nord,6,,,,,,,
Mme,Catherine Osson,omc_pa720492,http://www2.assemblee-nationale.fr/static/tribun/15/photos/720492.jpg,La République en Marche,,,LREM,,Nord,8,,,,,,,
Mme,Valérie Petit,omc_pa720500,http://www2.assemblee-nationale.fr/static/tribun/15/photos/720500.jpg,La République en Marche,,,LREM,,Nord,9,,,,,,,
M.,Laurent Pietraszewski,omc_pa720512,http://www2.assemblee-nationale.fr/static/tribun/15/photos/720512.jpg,La République en Marche,,,LREM,,Nord,11,,,,,,,
Mme,Anne-Laure Cattelot,omc_pa720520,http://www2.assemblee-nationale.fr/static/tribun/15/photos/720520.jpg,La République en Marche,,,LREM,,Nord,12,,,,,,,
Mme,Jennifer De Temmerman,omc_pa720538,http://www2.assemblee-nationale.fr/static/tribun/15/photos/720538.jpg,La République en Marche,,,LREM,,Nord,15,,SIGNATAIRE,Présent,Pour,,,NE VEUT PAS REPONDRE
M.,Alain Bruneel,omc_pa720546,http://www2.assemblee-nationale.fr/static/tribun/15/photos/720546.jpg,Gauche démocrate et républicaine,,,PCF,,Nord,16,,,,,,,POUR
Mme,Isabelle Rauch,omc_pa720552,http://www2.assemblee-nationale.fr/static/tribun/15/photos/720552.jpg,La République en Marche,,,LREM,,Moselle,9,,,,,,,CONTRE
Mme,Perrine Goulet,omc_pa720560,http://www2.assemblee-nationale.fr/static/tribun/15/photos/720560.jpg,La République en Marche,,,LREM,,Nièvre,1,,,Présent,Contre,,,
Mme,Agnès Thill,omc_pa720568,http://www2.assemblee-nationale.fr/static/tribun/15/photos/720568.jpg,La République en Marche,,,LREM,,Oise,2,,SIGNATAIRE,,,,,
M.,Pascal Bois,omc_pa720576,http://www2.assemblee-nationale.fr/static/tribun/15/photos/720576.jpg,La République en Marche,,,LREM,,Oise,3,,,,,,,
M.,Pierre Vatin,omc_pa720586,http://www2.assemblee-nationale.fr/static/tribun/15/photos/720586.jpg,Les Républicains,,,LR,,Oise,5,,,,,,,CONTRE
M.,Benoit Potterie,omc_pa720590,http://www2.assemblee-nationale.fr/static/tribun/15/photos/720590.jpg,La République en Marche,,,LREM,,Pas-de-Calais,8,,,Présent,Contre,,,
Mme,Marguerite Deprez-Audebert,omc_pa720598,http://www2.assemblee-nationale.fr/static/tribun/15/photos/720598.jpg,Mouvement Démocrate et apparentés,,,MODEM,,Pas-de-Calais,9,,,,,,,CONTRE
M.,Ludovic Pajot,omc_pa720606,http://www2.assemblee-nationale.fr/static/tribun/15/photos/720606.jpg,Non inscrit,,,NI,RN,Pas-de-Calais,10,,,,,,,
Mme,Marine Le Pen,omc_pa720614,http://www2.assemblee-nationale.fr/static/tribun/15/photos/720614.jpg,Non inscrit,,,NI,RN,Pas-de-Calais,11,,,,,,,
Mme,Carole Bureau-Bonnard,omc_pa720622,http://www2.assemblee-nationale.fr/static/tribun/15/photos/720622.jpg,La République en Marche,,,LREM,,Oise,6,,,,,,,
M.,Maxime Minot,omc_pa720630,http://www2.assemblee-nationale.fr/static/tribun/15/photos/720630.jpg,Les Républicains,,,LR,,Oise,7,,,Présent,Contre,,,
M.,Jérôme Nury,omc_pa720644,http://www2.assemblee-nationale.fr/static/tribun/15/photos/720644.jpg,Les Républicains,,,LR,,Orne,3,,,Présent,Contre,PRESENT,CONTRE,
M.,Bruno Duvergé,omc_pa720652,http://www2.assemblee-nationale.fr/static/tribun/15/photos/720652.jpg,Mouvement Démocrate et apparentés,,,MODEM,,Pas-de-Calais,1,,,,,,,
M.,José Evrard,omc_pa720664,http://www2.assemblee-nationale.fr/static/tribun/15/photos/720664.jpg,Non inscrit,,,NI,Non déclaré,Pas-de-Calais,3,,,,,,,
M.,Pierre-Henri Dumont,omc_pa720684,http://www2.assemblee-nationale.fr/static/tribun/15/photos/720684.jpg,Les Républicains,,,LR,,Pas-de-Calais,7,,,,,,,
M.,Fabien Roussel,omc_pa720692,http://www2.assemblee-nationale.fr/static/tribun/15/photos/720692.jpg,Gauche démocrate et républicaine,,,PCF,,Nord,20,,,,,,,POUR
Mme,Béatrice Descamps,omc_pa720696,http://www2.assemblee-nationale.fr/static/tribun/15/photos/720696.jpg,"UDI, Agir et Indépendants",,,UNION DES DEMOCRATES RADICAUX ET LIBERAUX,,Nord,21,,,,,,,CONTRE
Mme,Laurence Vichnievsky,omc_pa720704,http://www2.assemblee-nationale.fr/static/tribun/15/photos/720704.jpg,Mouvement Démocrate et apparentés,,,MODEM,,Puy-de-Dôme,3,,,,,,,POUR
Mme,Josy Poueyto,omc_pa720720,http://www2.assemblee-nationale.fr/static/tribun/15/photos/720720.jpg,Mouvement Démocrate et apparentés,,,MODEM,,Pyrénées-Atlantiques,1,,,,,,,
M.,Jean-Paul Mattei,omc_pa720728,http://www2.assemblee-nationale.fr/static/tribun/15/photos/720728.jpg,Mouvement Démocrate et apparentés,,,MODEM,,Pyrénées-Atlantiques,2,,,,,,,
M.,Thierry Michels,omc_pa720738,http://www2.assemblee-nationale.fr/static/tribun/15/photos/720738.jpg,La République en Marche,,,LREM,,Bas-Rhin,1,,,,,,,CONTRE
M.,Sylvain Waserman,omc_pa720746,http://www2.assemblee-nationale.fr/static/tribun/15/photos/720746.jpg,Mouvement Démocrate et apparentés,,,MODEM,,Bas-Rhin,2,,,,,,,CONTRE
M.,Bruno Studer,omc_pa720754,http://www2.assemblee-nationale.fr/static/tribun/15/photos/720754.jpg,La République en Marche,,,LREM,,Bas-Rhin,3,,,,,,,
Mme,Florence Lasserre-David,omc_pa720764,http://www2.assemblee-nationale.fr/static/tribun/15/photos/720764.jpg,Mouvement Démocrate et apparentés,,,MODEM,,Pyrénées-Atlantiques,5,,,,,,,
M.,Vincent Bru,omc_pa720772,http://www2.assemblee-nationale.fr/static/tribun/15/photos/720772.jpg,Mouvement Démocrate et apparentés,,,MODEM,Apparenté au,Pyrénées-Atlantiques,6,,,,,,,
M.,Jean-Bernard Sempastous,omc_pa720780,http://www2.assemblee-nationale.fr/static/tribun/15/photos/720780.jpg,La République en Marche,,,LREM,,Hautes-Pyrénées,1,,,,,,,
M.,Romain Grau,omc_pa720790,http://www2.assemblee-nationale.fr/static/tribun/15/photos/720790.jpg,La République en Marche,,,LREM,,Pyrénées-Orientales,1,,,,,,,
M.,Louis Aliot,omc_pa720798,http://www2.assemblee-nationale.fr/static/tribun/15/photos/720798.jpg,Non inscrit,,,NI,,Pyrénées-Orientales,2,,,,,,,
Mme,Laurence Gayte,omc_pa720806,http://www2.assemblee-nationale.fr/static/tribun/15/photos/720806.jpg,La République en Marche,,,LREM,,Pyrénées-Orientales,3,SIGNATAIRE,,,,,,
M.,Sébastien Cazenove,omc_pa720814,http://www2.assemblee-nationale.fr/static/tribun/15/photos/720814.jpg,La République en Marche,,,LREM,,Pyrénées-Orientales,4,,,,,,,
M.,Bruno Bilde,omc_pa720822,http://www2.assemblee-nationale.fr/static/tribun/15/photos/720822.jpg,Non inscrit,,,NI (RN),,Pas-de-Calais,12,,,,,,,
Mme,Valérie Thomas,omc_pa720830,http://www2.assemblee-nationale.fr/static/tribun/15/photos/720830.jpg,La République en Marche,,,LREM,,Puy-de-Dôme,1,SIGNATAIRE,,Présent,Contre,,,CONTRE
M.,Bastien Lachaud,omc_pa720846,http://www2.assemblee-nationale.fr/static/tribun/15/photos/720846.jpg,La France insoumise,,,LFI,,Seine-Saint-Denis,6,,,,,PRESENT,POUR,POUR
M.,Stéphane Testé,omc_pa720854,http://www2.assemblee-nationale.fr/static/tribun/15/photos/720854.jpg,La République en Marche,,,LREM,,Seine-Saint-Denis,12,SIGNATAIRE,SIGNATAIRE,,,,,POUR
M.,Frédéric Descrozaille,omc_pa720862,http://www2.assemblee-nationale.fr/static/tribun/15/photos/720862.jpg,La République en Marche,,,LREM,,Val-de-Marne,1,,,,,PRESENT,CONTRE,CONTRE
M.,Jean François Mbaye,omc_pa720870,http://www2.assemblee-nationale.fr/static/tribun/15/photos/720870.jpg,La République en Marche,,,LREM,,Val-de-Marne,2,,,Présent,Contre,PRESENT,POUR,POUR
M.,Laurent Saint-Martin,omc_pa720878,http://www2.assemblee-nationale.fr/static/tribun/15/photos/720878.jpg,La République en Marche,,,LREM,,Val-de-Marne,3,,,,,,,CONTRE
Mme,Mathilde Panot,omc_pa720892,http://www2.assemblee-nationale.fr/static/tribun/15/photos/720892.jpg,La France insoumise,,,LFI,,Val-de-Marne,10,,,,,PRESENT,POUR,POUR
Mme,Cécile Rilhac,omc_pa720900,http://www2.assemblee-nationale.fr/static/tribun/15/photos/720900.jpg,La République en Marche,,,LREM,,Val-d'Oise,3,SIGNATAIRE,,,,,,POUR
Mme,Naïma Moutchou,omc_pa720908,http://www2.assemblee-nationale.fr/static/tribun/15/photos/720908.jpg,La République en Marche,,,LREM,,Val-d'Oise,4,,,,,,,
Mme,Fiona Lazaar,omc_pa720916,http://www2.assemblee-nationale.fr/static/tribun/15/photos/720916.jpg,La République en Marche,,,LREM,,Val-d'Oise,5,,,,,,,
Mme,Nathalie Elimas,omc_pa720924,http://www2.assemblee-nationale.fr/static/tribun/15/photos/720924.jpg,Mouvement Démocrate et apparentés,,,MODEM,,Val-d'Oise,6,,,,,,,CONTRE
M.,Dominique Da Silva,omc_pa720932,http://www2.assemblee-nationale.fr/static/tribun/15/photos/720932.jpg,La République en Marche,,,LREM,,Val-d'Oise,7,,,,,,,CONTRE
Mme,Zivka Park,omc_pa720944,http://www2.assemblee-nationale.fr/static/tribun/15/photos/720944.jpg,La République en Marche,,,LREM,,Val-d'Oise,9,,,,,PRESENT,CONTRE,
M.,Aurélien Taché,omc_pa720952,http://www2.assemblee-nationale.fr/static/tribun/15/photos/720952.jpg,La République en Marche,,,LREM,,Val-d'Oise,10,,,,,,,
M.,Olivier Serva,omc_pa720960,http://www2.assemblee-nationale.fr/static/tribun/15/photos/720960.jpg,La République en Marche,,,LREM,,Guadeloupe,1,,,,,,,
Mme,Justine Benin,omc_pa720968,http://www2.assemblee-nationale.fr/static/tribun/15/photos/720968.jpg,Mouvement Démocrate et apparentés,,,MODEM,Apparentée au,Guadeloupe,2,,,,,,,
M.,Max Mathiasin,omc_pa720976,http://www2.assemblee-nationale.fr/static/tribun/15/photos/720976.jpg,Mouvement Démocrate et apparentés,,,MODEM,Apparenté au,Guadeloupe,3,,,,,,,
Mme,Josette Manin,omc_pa720988,http://www2.assemblee-nationale.fr/static/tribun/15/photos/720988.jpg,Socialistes et apparentés,,,NOUVELLE GAUCHE,Apparentée au,Martinique,1,,,,,,,
M.,M'jid El Guerrab,omc_pa720996,http://www2.assemblee-nationale.fr/static/tribun/15/photos/720996.jpg,Libertés et Territoires,,,NI,PRG,Français établis hors de France,9,,,,,PRESENT,POUR,
Mme,Amélia Lakrafi,omc_pa721004,http://www2.assemblee-nationale.fr/static/tribun/15/photos/721004.jpg,La République en Marche,,,LREM,,Français établis hors de France,10,,,,,,,
Mme,Manuéla Kéclard-Mondésir,omc_pa721012,http://www2.assemblee-nationale.fr/static/tribun/15/photos/721012.jpg,Gauche démocrate et républicaine,,,PCF,,Martinique,2,,,,,,,
Mme,Anne Genetet,omc_pa721024,http://www2.assemblee-nationale.fr/static/tribun/15/photos/721024.jpg,La République en Marche,,,LREM,,Français établis hors de France,11,,,,,,,
M.,Lénaïck Adam,omc_pa721036,http://www2.assemblee-nationale.fr/static/tribun/15/photos/721036.jpg,La République en Marche,,,LREM,,Guyane,2,,,,,PRESENT,POUR,
Mme,Nathalie Bassire,omc_pa721046,http://www2.assemblee-nationale.fr/static/tribun/15/photos/721046.jpg,Les Républicains,,,LR,Apparentée au,Réunion,3,,,,,,,
M.,David Lorion,omc_pa721054,http://www2.assemblee-nationale.fr/static/tribun/15/photos/721054.jpg,Les Républicains,,,LR,,Réunion,4,,,,,,,POUR
M.,Jean-Hugues Ratenon,omc_pa721062,http://www2.assemblee-nationale.fr/static/tribun/15/photos/721062.jpg,La France insoumise,,,LFI,,Réunion,5,,,,,,,POUR
Mme,Nadia Ramassamy,omc_pa721070,http://www2.assemblee-nationale.fr/static/tribun/15/photos/721070.jpg,Les Républicains,,,LR,Apparentée au,Réunion,6,,,,,,,
M.,Philippe Dunoyer,omc_pa721094,http://www2.assemblee-nationale.fr/static/tribun/15/photos/721094.jpg,"UDI, Agir et Indépendants",,,UNION DES DEMOCRATES RADICAUX ET LIBERAUX,,Nouvelle-Calédonie,1,,,,,,,
Mme,Nicole Sanquer,omc_pa721110,http://www2.assemblee-nationale.fr/static/tribun/15/photos/721110.jpg,"UDI, Agir et Indépendants",,,UNION DES DEMOCRATES RADICAUX ET LIBERAUX,,Polynésie Française,2,,,,,,,
M.,Moetai Brotherson,omc_pa721118,http://www2.assemblee-nationale.fr/static/tribun/15/photos/721118.jpg,Gauche démocrate et républicaine,,,PCF,,Polynésie Française,3,,,,,,,
Mme,Claire Guion-Firmin,omc_pa721126,http://www2.assemblee-nationale.fr/static/tribun/15/photos/721126.jpg,Les Républicains,,,LR,Apparentée au,Saint-Barthélemy et Saint-Martin,1,,,,,,,
M.,Roland Lescure,omc_pa721134,http://www2.assemblee-nationale.fr/static/tribun/15/photos/721134.jpg,La République en Marche,,,LREM,,Français établis hors de France,1,,,Présent,Contre,PRESENT,CONTRE,CONTRE
Mme,Paula Forteza,omc_pa721142,http://www2.assemblee-nationale.fr/static/tribun/15/photos/721142.jpg,La République en Marche,,,LREM,,Français établis hors de France,2,,,,,,,
M.,Alexandre Holroyd,omc_pa721150,http://www2.assemblee-nationale.fr/static/tribun/15/photos/721150.jpg,La République en Marche,,,LREM,,Français établis hors de France,3,,,,,,,
M.,Pieyre-Alexandre Anglade,omc_pa721158,http://www2.assemblee-nationale.fr/static/tribun/15/photos/721158.jpg,La République en Marche,,,LREM,,Français établis hors de France,4,,,,,,,
Mme,Samantha Cazebonne,omc_pa721166,http://www2.assemblee-nationale.fr/static/tribun/15/photos/721166.jpg,La République en Marche,,,LREM,,Français établis hors de France,5,,SIGNATAIRE,,,,,
M.,Joachim Son-Forget,omc_pa721174,http://www2.assemblee-nationale.fr/static/tribun/15/photos/721174.jpg,La République en Marche,,,LREM,,Français établis hors de France,6,,,,,,,
M.,Frédéric Petit,omc_pa721182,http://www2.assemblee-nationale.fr/static/tribun/15/photos/721182.jpg,Mouvement Démocrate et apparentés,,,MODEM,,Français établis hors de France,7,,,,,,,CONTRE
Mme,Frédérique Dumas,omc_pa721194,http://www2.assemblee-nationale.fr/static/tribun/15/photos/721194.jpg,"UDI, Agir et Indépendants",,,LREM,,Hauts-de-Seine,13,SIGNATAIRE,,,,,,
M.,Éric Coquerel,omc_pa721202,http://www2.assemblee-nationale.fr/static/tribun/15/photos/721202.jpg,La France insoumise,,,LFI,,Seine-Saint-Denis,1,,,,,PRESENT,POUR,POUR
M.,Alexis Corbière,omc_pa721210,http://www2.assemblee-nationale.fr/static/tribun/15/photos/721210.jpg,La France insoumise,,,LFI,,Seine-Saint-Denis,7,,,,,PRESENT,POUR,POUR
Mme,Sylvie Charrière,omc_pa721218,http://www2.assemblee-nationale.fr/static/tribun/15/photos/721218.jpg,La République en Marche,,,LREM,,Seine-Saint-Denis,8,,,,,,,
Mme,Sabine Rubin,omc_pa721226,http://www2.assemblee-nationale.fr/static/tribun/15/photos/721226.jpg,La France insoumise,,,LFI,,Seine-Saint-Denis,9,,,,,PRESENT,CONTRE,POUR
Mme,Maud Petit,omc_pa721234,http://www2.assemblee-nationale.fr/static/tribun/15/photos/721234.jpg,Mouvement Démocrate et apparentés,,,MODEM,,Val-de-Marne,4,,,,,PRESENT,POUR,POUR
Mme,Albane Gaillot,omc_pa721246,http://www2.assemblee-nationale.fr/static/tribun/15/photos/721246.jpg,La République en Marche,,,LREM,,Val-de-Marne,11,,,,,PRESENT,ABSTENTION,
M.,Guillaume Vuilletet,omc_pa721262,http://www2.assemblee-nationale.fr/static/tribun/15/photos/721262.jpg,La République en Marche,,,LREM,,Val-d'Oise,2,,,,,,,CONTRE
M.,Stéphane Peu,omc_pa721270,http://www2.assemblee-nationale.fr/static/tribun/15/photos/721270.jpg,Gauche démocrate et républicaine,,,PCF,,Seine-Saint-Denis,2,,,,,,,
M.,Patrice Anato,omc_pa721278,http://www2.assemblee-nationale.fr/static/tribun/15/photos/721278.jpg,La République en Marche,,,LREM,,Seine-Saint-Denis,3,SIGNATAIRE,,,,,,
M.,Alain Ramadier,omc_pa721286,http://www2.assemblee-nationale.fr/static/tribun/15/photos/721286.jpg,Les Républicains,,,LR,,Seine-Saint-Denis,10,,,,,PRESENT,CONTRE,
M.,Guillaume Gouffier-Cha,omc_pa721296,http://www2.assemblee-nationale.fr/static/tribun/15/photos/721296.jpg,La République en Marche,,,LREM,,Val-de-Marne,6,,SIGNATAIRE,,,,,
M.,Raphaël Schellenberger,omc_pa721314,http://www2.assemblee-nationale.fr/static/tribun/15/photos/721314.jpg,Les Républicains,,,LR,,Haut-Rhin,4,,,,,,,
Mme,Anne Brugnera,omc_pa721328,http://www2.assemblee-nationale.fr/static/tribun/15/photos/721328.jpg,La République en Marche,,,LREM,,Rhône,4,,,,,,,
Mme,Blandine Brocard,omc_pa721336,http://www2.assemblee-nationale.fr/static/tribun/15/photos/721336.jpg,La République en Marche,,,LREM,,Rhône,5,,,,,,,
M.,Bruno Bonnell,omc_pa721344,http://www2.assemblee-nationale.fr/static/tribun/15/photos/721344.jpg,La République en Marche,,,LREM,,Rhône,6,,,,,PRESENT,CONTRE,CONTRE
Mme,Danièle Cazarian,omc_pa721352,http://www2.assemblee-nationale.fr/static/tribun/15/photos/721352.jpg,La République en Marche,,,LREM,,Rhône,13,,,,,,,
M.,Raphaël Gauvain,omc_pa721364,http://www2.assemblee-nationale.fr/static/tribun/15/photos/721364.jpg,La République en Marche,,,LREM,,Saône-et-Loire,5,,,,,,,
M.,Damien Pichereau,omc_pa721372,http://www2.assemblee-nationale.fr/static/tribun/15/photos/721372.jpg,La République en Marche,,,LREM,,Sarthe,1,,,,,,,
Mme,Pascale Fontenel-Personne,omc_pa721384,http://www2.assemblee-nationale.fr/static/tribun/15/photos/721384.jpg,La République en Marche,,,LREM,,Sarthe,3,,,,,,,
Mme,Typhanie Degois,omc_pa721398,http://www2.assemblee-nationale.fr/static/tribun/15/photos/721398.jpg,La République en Marche,,,LREM,,Savoie,1,,,,,,,
Mme,Émilie Bonnivard,omc_pa721410,http://www2.assemblee-nationale.fr/static/tribun/15/photos/721410.jpg,Les Républicains,,,LR,,Savoie,3,,,,,,,CONTRE
M.,Patrick Mignola,omc_pa721418,http://www2.assemblee-nationale.fr/static/tribun/15/photos/721418.jpg,Mouvement Démocrate et apparentés,,,MODEM,,Savoie,4,,,,,,,CONTRE
Mme,Véronique Riotton,omc_pa721426,http://www2.assemblee-nationale.fr/static/tribun/15/photos/721426.jpg,La République en Marche,,,LREM,,Haute-Savoie,1,SIGNATAIRE,SIGNATAIRE,,,,,
Mme,Frédérique Lardet,omc_pa721434,http://www2.assemblee-nationale.fr/static/tribun/15/photos/721434.jpg,La République en Marche,,,LREM,,Haute-Savoie,2,,,,,,,CONTRE
Mme,Marion Lenne,omc_pa721450,http://www2.assemblee-nationale.fr/static/tribun/15/photos/721450.jpg,La République en Marche,,,LREM,,Haute-Savoie,5,SIGNATAIRE,,Présent,Pour,,,
M.,Xavier Roseren,omc_pa721458,http://www2.assemblee-nationale.fr/static/tribun/15/photos/721458.jpg,La République en Marche,,,LREM,,Haute-Savoie,6,SIGNATAIRE,,,,,,
M.,Gilles Le Gendre,omc_pa721466,http://www2.assemblee-nationale.fr/static/tribun/15/photos/721466.jpg,La République en Marche,,,LREM,,Paris,2,,,,,,,
M.,Stéphane Viry,omc_pa721474,http://www2.assemblee-nationale.fr/static/tribun/15/photos/721474.jpg,Les Républicains,,,LR,,Vosges,1,,,,,,,CONTRE
M.,Christophe Naegelen,omc_pa721486,http://www2.assemblee-nationale.fr/static/tribun/15/photos/721486.jpg,"UDI, Agir et Indépendants",,,UNION DES DEMOCRATES RADICAUX ET LIBERAUX,,Vosges,3,,,,,,,
M.,Stanislas Guerini,omc_pa721498,http://www2.assemblee-nationale.fr/static/tribun/15/photos/721498.jpg,La République en Marche,,,LREM,,Paris,3,,,,,PRESENT,CONTRE,
Mme,Brigitte Kuster,omc_pa721506,http://www2.assemblee-nationale.fr/static/tribun/15/photos/721506.jpg,Les Républicains,,,LR,,Paris,4,,,,,,,CONTRE
Mme,Stéphanie Kerbarh,omc_pa721514,http://www2.assemblee-nationale.fr/static/tribun/15/photos/721514.jpg,La République en Marche,,,LREM,,Seine-Maritime,9,,,,,,,
M.,Xavier Batut,omc_pa721522,http://www2.assemblee-nationale.fr/static/tribun/15/photos/721522.jpg,La République en Marche,,,LREM,,Seine-Maritime,10,,,Présent,Contre,,,
Mme,Aude Luquet,omc_pa721530,http://www2.assemblee-nationale.fr/static/tribun/15/photos/721530.jpg,Mouvement Démocrate et apparentés,,,MODEM,,Seine-et-Marne,1,,,,,,,
Mme,Marie-Christine Verdier-Jouclas,omc_pa721542,http://www2.assemblee-nationale.fr/static/tribun/15/photos/721542.jpg,La République en Marche,,,LREM,,Tarn,2,,,Présent,Contre,PRESENT,CONTRE,CONTRE
Mme,Élise Fajgeles,omc_pa721564,http://www2.assemblee-nationale.fr/static/tribun/15/photos/721564.jpg,La République en Marche,,,LREM,,Paris,5,,,,,,,CONTRE
M.,Pierre Person,omc_pa721568,http://www2.assemblee-nationale.fr/static/tribun/15/photos/721568.jpg,La République en Marche,,,LREM,,Paris,6,,,,,,,
M.,Jean Terlier,omc_pa721584,http://www2.assemblee-nationale.fr/static/tribun/15/photos/721584.jpg,La République en Marche,,,LREM,,Tarn,3,,,,,,,
Mme,Laurianne Rossi,omc_pa721600,http://www2.assemblee-nationale.fr/static/tribun/15/photos/721600.jpg,La République en Marche,,,LREM,,Hauts-de-Seine,11,,SIGNATAIRE,,,,,
M.,Jean-Louis Bourlanges,omc_pa721608,http://www2.assemblee-nationale.fr/static/tribun/15/photos/721608.jpg,Mouvement Démocrate et apparentés,,,MODEM,,Hauts-de-Seine,12,,,,,,,POUR
M.,Pacôme Rupin,omc_pa721616,http://www2.assemblee-nationale.fr/static/tribun/15/photos/721616.jpg,La République en Marche,,,LREM,,Paris,7,,,,,,,
Mme,Laetitia Avia,omc_pa721624,http://www2.assemblee-nationale.fr/static/tribun/15/photos/721624.jpg,La République en Marche,,,LREM,,Paris,8,,,,,PRESENT,CONTRE,
Mme,Patricia Lemoine,omc_pa721632,http://www2.assemblee-nationale.fr/static/tribun/15/photos/721632.jpg,"UDI, Agir et Indépendants",Franck Riester,,UNION DES DEMOCRATES RADICAUX ET LIBERAUX,,Seine-et-Marne,5,,,,,,,
M.,Jean-François Parigi,omc_pa721636,http://www2.assemblee-nationale.fr/static/tribun/15/photos/721636.jpg,Les Républicains,,,LR,,Seine-et-Marne,6,,,,,,,
M.,Rodrigue Kokouendo,omc_pa721644,http://www2.assemblee-nationale.fr/static/tribun/15/photos/721644.jpg,La République en Marche,,,LREM,,Seine-et-Marne,7,,,,,,,
Mme,Cécile Muschotti,omc_pa721656,http://www2.assemblee-nationale.fr/static/tribun/15/photos/721656.jpg,La République en Marche,,,LREM,,Var,2,,,,,,,
Mme,Amélie de Montchalin,omc_pa721670,http://www2.assemblee-nationale.fr/static/tribun/15/photos/721670.jpg,La République en Marche,,,LREM,,Essonne,6,,,,,PRESENT,CONTRE,
M.,Robin Reda,omc_pa721678,http://www2.assemblee-nationale.fr/static/tribun/15/photos/721678.jpg,Les Républicains,,,LR,,Essonne,7,,,,,,,
M.,Buon Tan,omc_pa721690,http://www2.assemblee-nationale.fr/static/tribun/15/photos/721690.jpg,La République en Marche,,,LREM,,Paris,9,,,,,,,NE VEUT PAS REPONDRE ( PAS LE TEMPS)
M.,Jean-Michel Fauvergue,omc_pa721702,http://www2.assemblee-nationale.fr/static/tribun/15/photos/721702.jpg,La République en Marche,,,LREM,,Seine-et-Marne,8,,,,,,,
Mme,Michèle Peyron,omc_pa721710,http://www2.assemblee-nationale.fr/static/tribun/15/photos/721710.jpg,La République en Marche,,,LREM,,Seine-et-Marne,9,,,,,,,CONTRE
Mme,Stéphanie Do,omc_pa721718,http://www2.assemblee-nationale.fr/static/tribun/15/photos/721718.jpg,La République en Marche,,,LREM,,Seine-et-Marne,10,,,,,,,
Mme,Sereine Mauborgne,omc_pa721726,http://www2.assemblee-nationale.fr/static/tribun/15/photos/721726.jpg,La République en Marche,,,LREM,,Var,4,SIGNATAIRE,SIGNATAIRE,Présent,Pour,,,CONTRE
M.,Philippe Michel-Kleisbauer,omc_pa721734,http://www2.assemblee-nationale.fr/static/tribun/15/photos/721734.jpg,Mouvement Démocrate et apparentés,,,MODEM,,Var,5,,,,,,,CONTRE
Mme,Isabelle Florennes,omc_pa721742,http://www2.assemblee-nationale.fr/static/tribun/15/photos/721742.jpg,Mouvement Démocrate et apparentés,,,MODEM,,Hauts-de-Seine,4,,,,,,,CONTRE
Mme,Céline Calvez,omc_pa721750,http://www2.assemblee-nationale.fr/static/tribun/15/photos/721750.jpg,La République en Marche,,,LREM,,Hauts-de-Seine,5,,,,,,,
Mme,Olivia Gregoire,omc_pa721764,http://www2.assemblee-nationale.fr/static/tribun/15/photos/721764.jpg,La République en Marche,,,LREM,,Paris,12,,,,,,,
M.,Didier Baichère,omc_pa721776,http://www2.assemblee-nationale.fr/static/tribun/15/photos/721776.jpg,La République en Marche,,,LREM,,Yvelines,1,SIGNATAIRE,,,,PRESENT,CONTRE,
Mme,Valérie Gomez-Bassac,omc_pa721784,http://www2.assemblee-nationale.fr/static/tribun/15/photos/721784.jpg,La République en Marche,,,LREM,,Var,6,,,,,,,
Mme,Émilie Guerel,omc_pa721792,http://www2.assemblee-nationale.fr/static/tribun/15/photos/721792.jpg,La République en Marche,,,LREM,,Var,7,,SIGNATAIRE,,,,,
M.,Fabien Matras,omc_pa721800,http://www2.assemblee-nationale.fr/static/tribun/15/photos/721800.jpg,La République en Marche,,,LREM,,Var,8,,,,,,,
Mme,Michèle Crouzet,omc_pa721808,http://www2.assemblee-nationale.fr/static/tribun/15/photos/721808.jpg,La République en Marche,,,LREM,,Yonne,3,,,Présent,Contre,,,
M.,Ian Boucard,omc_pa721816,http://www2.assemblee-nationale.fr/static/tribun/15/photos/721816.jpg,Les Républicains,,,LR,,Territoire de Belfort,1,,,,,,,
M.,Hugues Renson,omc_pa721824,http://www2.assemblee-nationale.fr/static/tribun/15/photos/721824.jpg,La République en Marche,,,LREM,,Paris,13,,,,,,,
M.,Jean-Noël Barrot,omc_pa721836,http://www2.assemblee-nationale.fr/static/tribun/15/photos/721836.jpg,Mouvement Démocrate et apparentés,,,MODEM,,Yvelines,2,,,,,,,CONTRE
Mme,Béatrice Piron,omc_pa721844,http://www2.assemblee-nationale.fr/static/tribun/15/photos/721844.jpg,La République en Marche,,,LREM,,Yvelines,3,,,,,PRESENT,CONTRE,
Mme,Marie Lebec,omc_pa721852,http://www2.assemblee-nationale.fr/static/tribun/15/photos/721852.jpg,La République en Marche,,,LREM,,Yvelines,4,,,,,PRESENT,CONTRE,
M.,Jean-François Cesarini,omc_pa721860,http://www2.assemblee-nationale.fr/static/tribun/15/photos/721860.jpg,La République en Marche,,,LREM,,Vaucluse,1,,,,,,,CONTRE
M.,Adrien Morenas,omc_pa721876,http://www2.assemblee-nationale.fr/static/tribun/15/photos/721876.jpg,La République en Marche,,,LREM,,Vaucluse,3,,SIGNATAIRE,,,,,
Mme,Marie Guévenoux,omc_pa721880,http://www2.assemblee-nationale.fr/static/tribun/15/photos/721880.jpg,La République en Marche,,,LREM,,Essonne,9,,,Présent,Contre,,,
M.,Pierre-Alain Raphan,omc_pa721888,http://www2.assemblee-nationale.fr/static/tribun/15/photos/721888.jpg,La République en Marche,,,LREM,,Essonne,10,,,,,,,
Mme,Elsa Faucillon,omc_pa721896,http://www2.assemblee-nationale.fr/static/tribun/15/photos/721896.jpg,Gauche démocrate et républicaine,,,PCF,,Hauts-de-Seine,1,,,,,,,POUR
Mme,Yaël Braun-Pivet,omc_pa721908,http://www2.assemblee-nationale.fr/static/tribun/15/photos/721908.jpg,La République en Marche,,,LREM,,Yvelines,5,,,,,,,
Mme,Natalia Pouzyreff,omc_pa721916,http://www2.assemblee-nationale.fr/static/tribun/15/photos/721916.jpg,La République en Marche,,,LREM,,Yvelines,6,,,,,,,
Mme,Michèle de Vaucouleurs,omc_pa721924,http://www2.assemblee-nationale.fr/static/tribun/15/photos/721924.jpg,Mouvement Démocrate et apparentés,,,MODEM,,Yvelines,7,,,,,,,
Mme,Marie-France Lorho,omc_pa721932,http://www2.assemblee-nationale.fr/static/tribun/15/photos/721932.jpg,Non inscrit,,,NI,Non déclarée,Vaucluse,4,,,,,,,ABSTENTION
M.,Jacques Marilossian,omc_pa721946,http://www2.assemblee-nationale.fr/static/tribun/15/photos/721946.jpg,La République en Marche,,,LREM,,Hauts-de-Seine,7,,,,,,,
Mme,Delphine O,omc_pa721956,http://www2.assemblee-nationale.fr/static/tribun/15/photos/721956.jpg,La République en Marche,,,LREM,,Paris,16,,,,,,,
Mme,Danièle Obono,omc_pa721960,http://www2.assemblee-nationale.fr/static/tribun/15/photos/721960.jpg,La France insoumise,,,LFI,,Paris,17,,,,,,,POUR
M.,Michel Vialay,omc_pa721968,http://www2.assemblee-nationale.fr/static/tribun/15/photos/721968.jpg,Les Républicains,,,LR,,Yvelines,8,,,,,,,
M.,Bruno Millienne,omc_pa721976,http://www2.assemblee-nationale.fr/static/tribun/15/photos/721976.jpg,Mouvement Démocrate et apparentés,,,MODEM,,Yvelines,9,,,,,PRESENT,CONTRE,
M.,Philippe Latombe,omc_pa721984,http://www2.assemblee-nationale.fr/static/tribun/15/photos/721984.jpg,Mouvement Démocrate et apparentés,,,MODEM,,Vendée,1,,,,,,,CONTRE
Mme,Patricia Gallerneau,omc_pa721992,http://www2.assemblee-nationale.fr/static/tribun/15/photos/721992.jpg,Mouvement Démocrate et apparentés,,,MODEM,,Vendée,2,,,,,,,POUR
M.,Stéphane Buchou,omc_pa722000,http://www2.assemblee-nationale.fr/static/tribun/15/photos/722000.jpg,La République en Marche,,,LREM,,Vendée,3,,,,,PRESENT,CONTRE,
Mme,Martine Leguille-Balloy,omc_pa722008,http://www2.assemblee-nationale.fr/static/tribun/15/photos/722008.jpg,La République en Marche,,,LREM,,Vendée,4,,,,,PRESENT,CONTRE,CONTRE
Mme,Laëtitia Romeiro Dias,omc_pa722022,http://www2.assemblee-nationale.fr/static/tribun/15/photos/722022.jpg,La République en Marche,,,LREM,,Essonne,3,,,,,,,
M.,Pierre-Yves Bournazel,omc_pa722030,http://www2.assemblee-nationale.fr/static/tribun/15/photos/722030.jpg,"UDI, Agir et Indépendants",,,UNION DES DEMOCRATES RADICAUX ET LIBERAUX,,Paris,18,,,,,PRESENT,POUR,POUR
M.,Damien Adam,omc_pa722038,http://www2.assemblee-nationale.fr/static/tribun/15/photos/722038.jpg,La République en Marche,,,LREM,,Seine-Maritime,1,,,,,,,
Mme,Aurore Bergé,omc_pa722046,http://www2.assemblee-nationale.fr/static/tribun/15/photos/722046.jpg,La République en Marche,,,LREM,,Yvelines,10,,,,,,,CONTRE
Mme,Nadia Hai,omc_pa722054,http://www2.assemblee-nationale.fr/static/tribun/15/photos/722054.jpg,La République en Marche,,,LREM,,Yvelines,11,,,,,,,
Mme,Florence Granjus,omc_pa722062,http://www2.assemblee-nationale.fr/static/tribun/15/photos/722062.jpg,La République en Marche,,,LREM,,Yvelines,12,,,,,,,CONTRE
M.,Pierre Henriet,omc_pa722070,http://www2.assemblee-nationale.fr/static/tribun/15/photos/722070.jpg,La République en Marche,,,LREM,,Vendée,5,,,,,PRESENT,POUR,
M.,Jacques Savatier,omc_pa722078,http://www2.assemblee-nationale.fr/static/tribun/15/photos/722078.jpg,La République en Marche,,,LREM,,Vienne,1,,,,,,,
M.,Adrien Taquet,omc_pa722086,http://www2.assemblee-nationale.fr/static/tribun/15/photos/722086.jpg,La République en Marche,,,LREM,,Hauts-de-Seine,2,,,,,,,
Mme,Christine Hennion,omc_pa722094,http://www2.assemblee-nationale.fr/static/tribun/15/photos/722094.jpg,La République en Marche,,,LREM,,Hauts-de-Seine,3,SIGNATAIRE,,Présent,Contre,,,
Mme,Annie Vidal,omc_pa722102,http://www2.assemblee-nationale.fr/static/tribun/15/photos/722102.jpg,La République en Marche,,,LREM,,Seine-Maritime,2,,,,,,,
M.,Hubert Wulfranc,omc_pa722110,http://www2.assemblee-nationale.fr/static/tribun/15/photos/722110.jpg,Gauche démocrate et républicaine,,,PCF,,Seine-Maritime,3,,,,,,,POUR
Mme,Sira Sylla,omc_pa722118,http://www2.assemblee-nationale.fr/static/tribun/15/photos/722118.jpg,La République en Marche,,,LREM,,Seine-Maritime,4,,SIGNATAIRE,,,,,
M.,Guillaume Chiche,omc_pa722126,http://www2.assemblee-nationale.fr/static/tribun/15/photos/722126.jpg,La République en Marche,,,LREM,,Deux-Sèvres,1,,,,,,,
M.,Jean-Marie Fiévet,omc_pa722134,http://www2.assemblee-nationale.fr/static/tribun/15/photos/722134.jpg,La République en Marche,,,LREM,,Deux-Sèvres,3,,SIGNATAIRE,Présent,Contre,,,CONTRE
M.,François Ruffin,omc_pa722142,http://www2.assemblee-nationale.fr/static/tribun/15/photos/722142.jpg,La France insoumise,,,LFI,,Somme,1,,,,,PRESENT,POUR,POUR
M.,Sacha Houlié,omc_pa722150,http://www2.assemblee-nationale.fr/static/tribun/15/photos/722150.jpg,La République en Marche,,,LREM,,Vienne,2,,,,,,,
M.,Nicolas Turquois,omc_pa722162,http://www2.assemblee-nationale.fr/static/tribun/15/photos/722162.jpg,Mouvement Démocrate et apparentés,,,MODEM,,Vienne,4,,,Présent,Contre,PRESENT,CONTRE,CONTRE
Mme,Sophie Beaudouin-Hubiere,omc_pa722170,http://www2.assemblee-nationale.fr/static/tribun/15/photos/722170.jpg,La République en Marche,,,LREM,,Haute-Vienne,1,,,,,PRESENT,CONTRE,CONTRE
M.,Jacques Maire,omc_pa722178,http://www2.assemblee-nationale.fr/static/tribun/15/photos/722178.jpg,La République en Marche,,,LREM,,Hauts-de-Seine,8,,,,,,,
Mme,Florence Provendier,omc_pa722194,http://www2.assemblee-nationale.fr/static/tribun/15/photos/722194.jpg,La République en Marche,Gabriel Attal,,LREM,,Hauts-de-Seine,10,SIGNATAIRE,SIGNATAIRE,,,PRESENT,CONTRE,
M.,Sébastien Jumel,omc_pa722202,http://www2.assemblee-nationale.fr/static/tribun/15/photos/722202.jpg,Gauche démocrate et républicaine,,,PCF,,Seine-Maritime,6,,,Présent,Contre,,,POUR
M.,Jean-Claude Leclabart,omc_pa722228,http://www2.assemblee-nationale.fr/static/tribun/15/photos/722228.jpg,La République en Marche,,,LREM,,Somme,4,,,Présent,Contre,PRESENT,CONTRE,CONTRE
M.,Jean-Baptiste Djebbari,omc_pa722236,http://www2.assemblee-nationale.fr/static/tribun/15/photos/722236.jpg,La République en Marche,,,LREM,,Haute-Vienne,2,,,,,,,
Mme,Marie-Ange Magne,omc_pa722244,http://www2.assemblee-nationale.fr/static/tribun/15/photos/722244.jpg,La République en Marche,,,LREM,,Haute-Vienne,3,,SIGNATAIRE,,,,,
Mme,Marie-Pierre Rixain,omc_pa722252,http://www2.assemblee-nationale.fr/static/tribun/15/photos/722252.jpg,La République en Marche,,,LREM,,Essonne,4,,,,,,,CONTRE
M.,Cédric Villani,omc_pa722260,http://www2.assemblee-nationale.fr/static/tribun/15/photos/722260.jpg,La République en Marche,,,LREM,,Essonne,5,,,,,,,CONTRE
Mme,Martine Wonner,omc_pa722268,http://www2.assemblee-nationale.fr/static/tribun/15/photos/722268.jpg,La République en Marche,,,LREM,,Bas-Rhin,4,,SIGNATAIRE,Présent,Pour,,,POUR
M.,Bruno Fuchs,omc_pa722284,http://www2.assemblee-nationale.fr/static/tribun/15/photos/722284.jpg,Mouvement Démocrate et apparentés,,,MODEM ,Apparenté au,Haut-Rhin,6,,,,,,,
M.,Thomas Rudigoz,omc_pa722292,http://www2.assemblee-nationale.fr/static/tribun/15/photos/722292.jpg,La République en Marche,,,LREM,,Rhône,1,,,,,,,NE VEUT PAS REPONDRE ( PAS LE TEMPS)
Mme,Anissa Khedher,omc_pa722300,http://www2.assemblee-nationale.fr/static/tribun/15/photos/722300.jpg,La République en Marche,,,LREM,,Rhône,7,,,,,,,
Mme,Barbara Bessot Ballot,omc_pa722312,http://www2.assemblee-nationale.fr/static/tribun/15/photos/722312.jpg,La République en Marche,,,LREM,,Haute-Saône,1,,,Présent,Contre,,,NE VEUT PAS REPONDRE
M.,Christophe Lejeune,omc_pa722320,http://www2.assemblee-nationale.fr/static/tribun/15/photos/722320.jpg,La République en Marche,,,LREM,,Haute-Saône,2,,,,,,,
M.,Vincent Thiébaut,omc_pa722336,http://www2.assemblee-nationale.fr/static/tribun/15/photos/722336.jpg,La République en Marche,,,LREM,,Bas-Rhin,9,,SIGNATAIRE,,,,,
M.,Hubert Julien-Laferrière,omc_pa722344,http://www2.assemblee-nationale.fr/static/tribun/15/photos/722344.jpg,La République en Marche,,,LREM,,Rhône,2,SIGNATAIRE,SIGNATAIRE,,,PRSENT,POUR,POUR
M.,Thomas Gassilloud,omc_pa722358,http://www2.assemblee-nationale.fr/static/tribun/15/photos/722358.jpg,La République en Marche,,,LREM,,Rhône,10,,,,,,,CONTRE
M.,Jean-Luc Fugit,omc_pa722366,http://www2.assemblee-nationale.fr/static/tribun/15/photos/722366.jpg,La République en Marche,,,LREM,,Rhône,11,SIGNATAIRE,SIGNATAIRE,Présent,Pour,PRESENT,CONTRE,NE SOUHAITE PAS REPONDRE
M.,Cyrille Isaac-Sibille,omc_pa722374,http://www2.assemblee-nationale.fr/static/tribun/15/photos/722374.jpg,Mouvement Démocrate et apparentés,,,MODEM,,Rhône,12,,,,,,,CONTRE
M.,Benjamin Dirx,omc_pa722382,http://www2.assemblee-nationale.fr/static/tribun/15/photos/722382.jpg,La République en Marche,,,LREM,,Saône-et-Loire,1,,,,,,,
Mme,Josiane Corneloup,omc_pa722390,http://www2.assemblee-nationale.fr/static/tribun/15/photos/722390.jpg,Les Républicains,,,LR,,Saône-et-Loire,2,,,,,,,
M.,Rémy Rebeyrotte,omc_pa722398,http://www2.assemblee-nationale.fr/static/tribun/15/photos/722398.jpg,La République en Marche,,,LREM,,Saône-et-Loire,3,,,Présent,Contre,,,CONTRE
Mme,Ramlati Ali,omc_pa724827,http://www2.assemblee-nationale.fr/static/tribun/15/photos/724827.jpg,La République en Marche,,,LREM,,Mayotte,1,,SIGNATAIRE,,,,,
M.,Gilles Carrez,omc_pa746,http://www2.assemblee-nationale.fr/static/tribun/15/photos/746.jpg,Les Républicains,,,LR,,Val-de-Marne,5,,,,,,,
M.,Antoine Savignat,omc_pa748954,http://www2.assemblee-nationale.fr/static/tribun/15/photos/748954.jpg,Les Républicains,,,LR,,Val-d'Oise,1,,,,,,,
M.,Sylvain Brial,omc_pa755549,http://www2.assemblee-nationale.fr/static/tribun/15/photos/755549.jpg,Libertés et Territoires,,,NI,,Wallis-et-Futuna,1,,,,,,,POUR
M.,Jean-Luc Poudroux,omc_pa759192,http://www2.assemblee-nationale.fr/static/tribun/15/photos/759192.jpg,Les Républicains,,,,,La Réunion,7,,,,,,,
M.,Francis Chouat,omc_pa760658,http://www2.assemblee-nationale.fr/static/tribun/15/photos/760658.jpg,La République en Marche,Manuel Valls,,LREM,Apparenté au,Essonne,1,,,,,,,
M.,Jacques Cattin,omc_pa767,http://www2.assemblee-nationale.fr/static/tribun/15/photos/767.jpg,Les Républicains,,,LR,,Haut-Rhin,2,,,,,,,
M.,Gérard Cherpion,omc_pa856,http://www2.assemblee-nationale.fr/static/tribun/15/photos/856.jpg,Les Républicains,,,LR,,Vosges,2,,,,,,,
M.,François Cornut-Gentille,omc_pa923,http://www2.assemblee-nationale.fr/static/tribun/15/photos/923.jpg,Les Républicains,,,LR,,Haute-Marne,2,,,,,,,
M.,Charles de Courson,omc_pa942,http://www2.assemblee-nationale.fr/static/tribun/15/photos/942.jpg,Libertés et Territoires,,,UNION DES DEMOCRATES RADICAUX ET LIBERAUX,,Marne,5,,,Présent,Contre,,,CONTRE
M.,Olivier Dassault,omc_pa998,http://www2.assemblee-nationale.fr/static/tribun/15/photos/998.jpg,Les Républicains,,,LR,,Oise,1,,,,,,,